target,predicted
1.0,0.29770142
1.0,0.30547416
1.0,0.5521195
1.0,0.56786376
1.0,0.31767908
1.0,0.5275633
1.0,0.583011
1.0,0.583011
1.0,0.70966667
1.0,0.5445955
1.0,0.79738086
1.0,0.79738086
1.0,0.79738086
1.0,0.79738086
1.0,0.79738086
1.0,0.79738086
1.0,0.79738086
1.0,0.625914
1.0,0.7613082
1.0,0.7099702
1.0,0.46208337
1.0,0.5429424
1.0,0.46472883
1.0,0.6413602
1.0,0.47189572
1.0,0.47189572
1.0,0.47189572
1.0,0.47189572
1.0,0.9332773
1.0,0.9047798
1.0,0.89035106
1.0,0.9025071
1.0,0.86169016
1.0,0.88214207
1.0,0.86204004
1.0,0.8892887
1.0,0.88377345
1.0,0.88377345
1.0,0.88377345
1.0,0.88377345
1.0,0.88377345
1.0,0.88377345
1.0,0.88377345
1.0,0.88377345
1.0,0.88377345
1.0,0.88377345
1.0,0.88377345
1.0,0.88377345
1.0,0.895205
1.0,0.9209303
1.0,0.3618837
1.0,0.4312417
1.0,0.90992177
1.0,0.792988
1.0,0.792988
1.0,0.792988
1.0,0.792988
1.0,0.792988
1.0,0.792988
1.0,0.792988
1.0,0.85399467
1.0,0.91696835
1.0,0.9055909
1.0,0.94228506
1.0,0.8820107
1.0,0.88332665
1.0,0.8855956
1.0,0.8321596
1.0,0.8976435
1.0,0.9442389
1.0,0.9442389
1.0,0.9442389
1.0,0.3170554
1.0,0.12303024
1.0,0.30791283
1.0,0.25998724
1.0,0.29688492
1.0,0.2692219
1.0,0.2692219
1.0,0.2692219
1.0,0.2692219
1.0,0.2692219
1.0,0.6048672
1.0,0.7017949
1.0,0.5009502
1.0,0.43211502
1.0,0.8712325
1.0,0.9222501
1.0,0.93720764
1.0,0.8705811
1.0,0.87575287
1.0,0.9111853
1.0,0.86885434
1.0,0.8830324
1.0,0.91883874
1.0,0.87620074
1.0,0.9143156
1.0,0.93456537
1.0,0.87896883
1.0,0.8950116
1.0,0.8627647
1.0,0.96251863
1.0,0.96251863
1.0,0.96251863
1.0,0.96251863
1.0,0.96251863
1.0,0.96251863
1.0,0.96251863
1.0,0.96251863
1.0,0.96251863
1.0,0.96251863
1.0,0.96251863
1.0,0.96251863
1.0,0.96251863
1.0,0.96251863
1.0,0.96251863
1.0,0.96251863
1.0,0.96251863
1.0,0.8090165
1.0,0.8090165
1.0,0.8090165
1.0,0.8090165
1.0,0.8092814
1.0,0.6879593
1.0,0.75592804
1.0,0.80391
1.0,0.40163374
1.0,0.40163374
1.0,0.43150997
1.0,0.37648547
1.0,0.83786774
1.0,0.848822
1.0,0.81578606
1.0,0.7781826
1.0,0.91165185
1.0,0.91165185
1.0,0.91165185
1.0,0.91165185
1.0,0.91165185
1.0,0.91165185
1.0,0.91165185
1.0,0.91165185
1.0,0.91165185
1.0,0.91165185
1.0,0.91165185
1.0,0.9381608
1.0,0.86233395
1.0,0.83403283
1.0,0.9161351
1.0,0.8851636
1.0,0.46244884
1.0,0.46244884
1.0,0.34754157
1.0,0.53760064
1.0,0.39934713
1.0,0.32615137
1.0,0.9221714
1.0,0.9138461
1.0,0.91093576
1.0,0.8014257
1.0,0.7431187
1.0,0.9394005
1.0,0.9394005
1.0,0.9394005
1.0,0.9394005
1.0,0.9394005
1.0,0.9394005
1.0,0.9394005
1.0,0.3324374
1.0,0.3665116
1.0,0.88230175
1.0,0.9317019
1.0,0.9394143
1.0,0.9394143
1.0,0.9394143
1.0,0.9394143
1.0,0.9394143
1.0,0.9394143
1.0,0.9394143
1.0,0.9394143
1.0,0.9394143
1.0,0.9394143
1.0,0.9394143
1.0,0.9237507
1.0,0.89860743
1.0,0.8471593
1.0,0.908609
1.0,0.89192736
1.0,0.9053358
1.0,0.9355718
1.0,0.8802409
1.0,0.83101124
1.0,0.8017713
1.0,0.92459303
1.0,0.92459303
1.0,0.92459303
1.0,0.92459303
1.0,0.92459303
1.0,0.6834195
1.0,0.6834195
1.0,0.6834195
1.0,0.6834195
1.0,0.7850718
1.0,0.81650054
1.0,0.72884023
1.0,0.7862256
1.0,0.8958376
1.0,0.9337043
1.0,0.9337043
1.0,0.9337043
1.0,0.9337043
1.0,0.90770626
1.0,0.90578616
1.0,0.94363165
1.0,0.7911064
1.0,0.749589
1.0,0.8694775
1.0,0.8519515
1.0,0.8949856
1.0,0.7754146
1.0,0.8611356
1.0,0.75658095
1.0,0.77643174
1.0,0.6625248
1.0,0.8893384
1.0,0.8667023
1.0,0.9052998
1.0,0.9052998
1.0,0.9052998
1.0,0.9052998
1.0,0.9052998
1.0,0.9052998
1.0,0.9052998
1.0,0.9052998
1.0,0.9052998
1.0,0.9052998
1.0,0.9052998
1.0,0.9052998
1.0,0.5090018
1.0,0.3503865
1.0,0.49481612
1.0,0.32433966
1.0,0.64329755
1.0,0.59732574
1.0,0.45566052
1.0,0.35654607
1.0,0.45301455
1.0,0.46302438
1.0,0.4534122
1.0,0.5129748
1.0,0.55620223
1.0,0.5413756
1.0,0.39721888
1.0,0.39721888
1.0,0.39721888
1.0,0.39721888
1.0,0.39721888
1.0,0.39721888
1.0,0.39721888
1.0,0.4868547
1.0,0.43723378
1.0,0.39324293
1.0,0.8538112
1.0,0.9007444
1.0,0.29922876
1.0,0.2630997
1.0,0.55268914
1.0,0.30980623
1.0,0.4653241
1.0,0.4653241
1.0,0.6162386
1.0,0.58721745
1.0,0.67170274
1.0,0.67170274
1.0,0.8320381
1.0,0.919186
1.0,0.919186
1.0,0.9364692
1.0,0.7774605
1.0,0.6246577
1.0,0.5937533
1.0,0.5937533
1.0,0.5937533
1.0,0.5937533
1.0,0.5937533
1.0,0.5937533
1.0,0.5937533
1.0,0.5937533
1.0,0.5319223
1.0,0.4629444
1.0,0.47122362
1.0,0.74481124
1.0,0.73731613
1.0,0.5179609
1.0,0.33003825
1.0,0.33304685
1.0,0.4508162
1.0,0.42837906
1.0,0.6836019
1.0,0.6836019
1.0,0.94609296
1.0,0.8815658
1.0,0.85733396
1.0,0.88584524
1.0,0.9316248
1.0,0.9316248
1.0,0.9316248
1.0,0.9316248
1.0,0.9316248
1.0,0.9316248
1.0,0.9316248
1.0,0.9316248
1.0,0.9316248
1.0,0.9316248
1.0,0.9316248
1.0,0.9316248
1.0,0.9316248
1.0,0.9316248
1.0,0.9316248
1.0,0.9316248
1.0,0.8928661
1.0,0.9144177
1.0,0.93792313
1.0,0.8873809
1.0,0.8945287
1.0,0.9475528
1.0,0.8784118
1.0,0.8490883
1.0,0.9072987
1.0,0.9031525
1.0,0.92490786
1.0,0.9137666
1.0,0.9208686
1.0,0.9395304
1.0,0.94058263
1.0,0.9007591
1.0,0.96174055
1.0,0.96174055
1.0,0.96174055
1.0,0.96174055
1.0,0.96174055
1.0,0.96174055
1.0,0.96174055
1.0,0.8523043
1.0,0.8815571
1.0,0.80933654
1.0,0.5203441
1.0,0.7589126
1.0,0.82503814
1.0,0.8239882
1.0,0.8259977
1.0,0.8259977
1.0,0.8042717
1.0,0.78103364
1.0,0.77550125
1.0,0.7637273
1.0,0.7536702
1.0,0.72376347
1.0,0.72376347
1.0,0.72376347
1.0,0.72376347
1.0,0.72376347
0.0,0.39075175
0.0,0.24065717
0.0,0.207165
0.0,0.35695246
0.0,0.26862937
0.0,0.21105035
0.0,0.32038054
0.0,0.21708705
0.0,0.2657476
0.0,0.3616134
0.0,0.22722143
0.0,0.27443036
0.0,0.20818011
0.0,0.25905508
0.0,0.419944
0.0,0.30547416
0.0,0.30547416
0.0,0.30547416
0.0,0.30547416
0.0,0.30547416
0.0,0.30547416
0.0,0.30547416
0.0,0.30547416
0.0,0.30547416
0.0,0.30547416
0.0,0.30547416
0.0,0.30547416
0.0,0.30547416
0.0,0.30547416
0.0,0.30547416
0.0,0.30547416
0.0,0.30547416
0.0,0.30547416
0.0,0.30547416
0.0,0.23969695
0.0,0.22403009
0.0,0.50635976
0.0,0.46235773
0.0,0.51622576
0.0,0.5521195
0.0,0.5521195
0.0,0.5521195
0.0,0.5521195
0.0,0.5521195
0.0,0.5521195
0.0,0.5521195
0.0,0.5521195
0.0,0.5521195
0.0,0.5521195
0.0,0.5521195
0.0,0.5521195
0.0,0.5521195
0.0,0.5521195
0.0,0.5521195
0.0,0.5521195
0.0,0.53302425
0.0,0.47495744
0.0,0.5889405
0.0,0.4010955
0.0,0.4575937
0.0,0.51057684
0.0,0.59264004
0.0,0.512659
0.0,0.5982654
0.0,0.44692048
0.0,0.6120801
0.0,0.61865234
0.0,0.4158685
0.0,0.467792
0.0,0.57401484
0.0,0.53812426
0.0,0.5160991
0.0,0.5406602
0.0,0.47596052
0.0,0.48870686
0.0,0.53921974
0.0,0.5493267
0.0,0.5076148
0.0,0.583011
0.0,0.583011
0.0,0.583011
0.0,0.583011
0.0,0.583011
0.0,0.583011
0.0,0.583011
0.0,0.583011
0.0,0.583011
0.0,0.583011
0.0,0.583011
0.0,0.583011
0.0,0.583011
0.0,0.583011
0.0,0.583011
0.0,0.583011
0.0,0.583011
0.0,0.583011
0.0,0.51987445
0.0,0.57991
0.0,0.46175054
0.0,0.3957176
0.0,0.8360878
0.0,0.6069771
0.0,0.79738086
0.0,0.79738086
0.0,0.79738086
0.0,0.79738086
0.0,0.79738086
0.0,0.79738086
0.0,0.79738086
0.0,0.79738086
0.0,0.79738086
0.0,0.79738086
0.0,0.79738086
0.0,0.79738086
0.0,0.79738086
0.0,0.6289536
0.0,0.7291154
0.0,0.8003641
0.0,0.59294355
0.0,0.74997514
0.0,0.7734254
0.0,0.57411796
0.0,0.6758556
0.0,0.74165696
0.0,0.85842586
0.0,0.6732056
0.0,0.5750135
0.0,0.48410425
0.0,0.6037103
0.0,0.5411002
0.0,0.5415765
0.0,0.5688528
0.0,0.57084495
0.0,0.53036016
0.0,0.63913035
0.0,0.5756632
0.0,0.43650654
0.0,0.6974986
0.0,0.49262282
0.0,0.4866954
0.0,0.594958
0.0,0.60181963
0.0,0.60181963
0.0,0.60181963
0.0,0.60181963
0.0,0.60181963
0.0,0.60181963
0.0,0.60181963
0.0,0.60181963
0.0,0.60181963
0.0,0.60181963
0.0,0.60181963
0.0,0.60181963
0.0,0.60181963
0.0,0.60181963
0.0,0.60181963
0.0,0.60181963
0.0,0.60181963
0.0,0.60181963
0.0,0.60181963
0.0,0.60181963
0.0,0.5625749
0.0,0.55684644
0.0,0.60743123
0.0,0.45993987
0.0,0.5030745
0.0,0.5176501
0.0,0.4747317
0.0,0.5644897
0.0,0.5353019
0.0,0.52667415
0.0,0.5252324
0.0,0.40222862
0.0,0.4757951
0.0,0.540734
0.0,0.42441446
0.0,0.47189572
0.0,0.47189572
0.0,0.47189572
0.0,0.47189572
0.0,0.47189572
0.0,0.47189572
0.0,0.47189572
0.0,0.47189572
0.0,0.47189572
0.0,0.47189572
0.0,0.47189572
0.0,0.47189572
0.0,0.47189572
0.0,0.47189572
0.0,0.47189572
0.0,0.47189572
0.0,0.54274905
0.0,0.58937895
0.0,0.69780564
0.0,0.6973756
0.0,0.74096733
0.0,0.7509041
0.0,0.73727185
0.0,0.7344277
0.0,0.76111096
0.0,0.69360226
0.0,0.69360226
0.0,0.69360226
0.0,0.69360226
0.0,0.69360226
0.0,0.69360226
0.0,0.69360226
0.0,0.69360226
0.0,0.69360226
0.0,0.69360226
0.0,0.69360226
0.0,0.69360226
0.0,0.69360226
0.0,0.69360226
0.0,0.69360226
0.0,0.69360226
0.0,0.69360226
0.0,0.69360226
0.0,0.69360226
0.0,0.69360226
0.0,0.6913996
0.0,0.6618454
0.0,0.75320333
0.0,0.6562918
0.0,0.6638628
0.0,0.78345567
0.0,0.70350957
0.0,0.622809
0.0,0.71156543
0.0,0.748053
0.0,0.70659715
0.0,0.37757185
0.0,0.6586551
0.0,0.2857139
0.0,0.41144848
0.0,0.4867057
0.0,0.49782848
0.0,0.43295398
0.0,0.45970234
0.0,0.44245598
0.0,0.36623842
0.0,0.33512706
0.0,0.38608757
0.0,0.48604196
0.0,0.43944266
0.0,0.44258353
0.0,0.55739665
0.0,0.55739665
0.0,0.55739665
0.0,0.55739665
0.0,0.55739665
0.0,0.55739665
0.0,0.55739665
0.0,0.55739665
0.0,0.55739665
0.0,0.55739665
0.0,0.55739665
0.0,0.55739665
0.0,0.55739665
0.0,0.55739665
0.0,0.55739665
0.0,0.55739665
0.0,0.55739665
0.0,0.29174417
0.0,0.520663
0.0,0.878752
0.0,0.90329343
0.0,0.929188
0.0,0.8625473
0.0,0.92390466
0.0,0.88105845
0.0,0.9152934
0.0,0.8775594
0.0,0.88377345
0.0,0.88377345
0.0,0.88377345
0.0,0.88377345
0.0,0.88377345
0.0,0.88377345
0.0,0.88377345
0.0,0.88377345
0.0,0.46342286
0.0,0.41957775
0.0,0.5065801
0.0,0.5065801
0.0,0.5065801
0.0,0.5065801
0.0,0.88652426
0.0,0.8741454
0.0,0.5716951
0.0,0.44949627
0.0,0.41319883
0.0,0.41319883
0.0,0.41319883
0.0,0.41319883
0.0,0.39269888
0.0,0.3661532
0.0,0.27392668
0.0,0.56188196
0.0,0.45534897
0.0,0.516597
0.0,0.33370918
0.0,0.32712197
0.0,0.3829997
0.0,0.34196207
0.0,0.30308607
0.0,0.29858384
0.0,0.325321
0.0,0.24581039
0.0,0.36194387
0.0,0.31280324
0.0,0.3618837
0.0,0.3618837
0.0,0.3618837
0.0,0.3618837
0.0,0.3618837
0.0,0.3618837
0.0,0.3618837
0.0,0.3618837
0.0,0.3618837
0.0,0.3618837
0.0,0.3618837
0.0,0.3618837
0.0,0.3618837
0.0,0.3618837
0.0,0.3618837
0.0,0.3618837
0.0,0.3618837
0.0,0.3618837
0.0,0.3618837
0.0,0.47135156
0.0,0.23320217
0.0,0.36914003
0.0,0.90551144
0.0,0.792988
0.0,0.792988
0.0,0.792988
0.0,0.792988
0.0,0.792988
0.0,0.792988
0.0,0.792988
0.0,0.9615752
0.0,0.87303686
0.0,0.9203773
0.0,0.8649626
0.0,0.8723654
0.0,0.86942625
0.0,0.9078745
0.0,0.8877517
0.0,0.8079443
0.0,0.9169554
0.0,0.82985
0.0,0.86264044
0.0,0.8844014
0.0,0.9442389
0.0,0.9442389
0.0,0.9442389
0.0,0.9442389
0.0,0.9442389
0.0,0.9442389
0.0,0.9442389
0.0,0.9442389
0.0,0.9442389
0.0,0.9442389
0.0,0.9442389
0.0,0.9442389
0.0,0.9442389
0.0,0.9442389
0.0,0.9442389
0.0,0.9442389
0.0,0.9442389
0.0,0.88560814
0.0,0.8501488
0.0,0.8575725
0.0,0.8936111
0.0,0.9132537
0.0,0.9306191
0.0,0.15868095
0.0,0.2110693
0.0,0.3170554
0.0,0.3170554
0.0,0.3170554
0.0,0.3170554
0.0,0.3170554
0.0,0.3170554
0.0,0.3170554
0.0,0.3170554
0.0,0.3170554
0.0,0.3170554
0.0,0.3170554
0.0,0.3170554
0.0,0.3170554
0.0,0.3170554
0.0,0.3170554
0.0,0.3170554
0.0,0.3170554
0.0,0.3170554
0.0,0.3170554
0.0,0.18737668
0.0,0.16063644
0.0,0.23617324
0.0,0.17406563
0.0,0.13195947
0.0,0.4293203
0.0,0.15743671
0.0,0.35615215
0.0,0.14572789
0.0,0.21516538
0.0,0.19603251
0.0,0.17612116
0.0,0.19610578
0.0,0.36936155
0.0,0.2760236
0.0,0.59812284
0.0,0.5263989
0.0,0.59677804
0.0,0.59677804
0.0,0.59677804
0.0,0.578049
0.0,0.6020508
0.0,0.7597298
0.0,0.6644031
0.0,0.7225727
0.0,0.5404579
0.0,0.8110243
0.0,0.7450179
0.0,0.5913522
0.0,0.73567593
0.0,0.734078
0.0,0.61535305
0.0,0.61535305
0.0,0.61535305
0.0,0.61535305
0.0,0.61535305
0.0,0.61535305
0.0,0.61535305
0.0,0.61535305
0.0,0.61535305
0.0,0.61535305
0.0,0.61535305
0.0,0.61535305
0.0,0.61535305
0.0,0.61535305
0.0,0.61535305
0.0,0.574149
0.0,0.634463
0.0,0.77406377
0.0,0.61994755
0.0,0.607164
0.0,0.6657379
0.0,0.47454253
0.0,0.61983
0.0,0.7167401
0.0,0.5031518
0.0,0.5700757
0.0,0.6807799
0.0,0.6202186
0.0,0.7323372
0.0,0.62189895
0.0,0.43898714
0.0,0.37230274
0.0,0.61752367
0.0,0.72652155
0.0,0.72652155
0.0,0.72652155
0.0,0.72652155
0.0,0.72652155
0.0,0.72652155
0.0,0.72652155
0.0,0.72652155
0.0,0.72652155
0.0,0.72652155
0.0,0.72652155
0.0,0.72652155
0.0,0.72652155
0.0,0.72652155
0.0,0.72652155
0.0,0.72652155
0.0,0.72652155
0.0,0.72652155
0.0,0.72652155
0.0,0.72652155
0.0,0.68219364
0.0,0.48829782
0.0,0.5146001
0.0,0.2532002
0.0,0.29406658
0.0,0.3522188
0.0,0.43025476
0.0,0.29267538
0.0,0.34207568
0.0,0.34207568
0.0,0.34207568
0.0,0.34207568
0.0,0.34207568
0.0,0.34207568
0.0,0.3605939
0.0,0.81517965
0.0,0.72826385
0.0,0.87163615
0.0,0.8377692
0.0,0.74661714
0.0,0.8755824
0.0,0.8755824
0.0,0.8755824
0.0,0.8755824
0.0,0.8755824
0.0,0.8755824
0.0,0.8755824
0.0,0.8755824
0.0,0.8755824
0.0,0.8755824
0.0,0.8755824
0.0,0.8755824
0.0,0.8755824
0.0,0.7185257
0.0,0.86254543
0.0,0.83329177
0.0,0.85417837
0.0,0.83151406
0.0,0.7094566
0.0,0.6703911
0.0,0.52610993
0.0,0.755622
0.0,0.73900765
0.0,0.7395955
0.0,0.7395955
0.0,0.7395955
0.0,0.7395955
0.0,0.7395955
0.0,0.7395955
0.0,0.7395955
0.0,0.7395955
0.0,0.7395955
0.0,0.7395955
0.0,0.7395955
0.0,0.7395955
0.0,0.7395955
0.0,0.7395955
0.0,0.7410642
0.0,0.63313884
0.0,0.6738264
0.0,0.7184754
0.0,0.59184295
0.0,0.62673825
0.0,0.6301059
0.0,0.68302226
0.0,0.66391414
0.0,0.6527786
0.0,0.91193694
0.0,0.93676335
0.0,0.48689845
0.0,0.4389114
0.0,0.55434877
0.0,0.5117875
0.0,0.47517994
0.0,0.7165867
0.0,0.44183925
0.0,0.85085744
0.0,0.44815144
0.0,0.38043264
0.0,0.8540199
0.0,0.8540199
0.0,0.8540199
0.0,0.8540199
0.0,0.8540199
0.0,0.8540199
0.0,0.8540199
0.0,0.8540199
0.0,0.8540199
0.0,0.8540199
0.0,0.8540199
0.0,0.8540199
0.0,0.8540199
0.0,0.8540199
0.0,0.8540199
0.0,0.8540199
0.0,0.8540199
0.0,0.8540199
0.0,0.8540199
0.0,0.4686885
0.0,0.63379323
0.0,0.75053126
0.0,0.62532485
0.0,0.36276472
0.0,0.62678707
0.0,0.7969335
0.0,0.44764063
0.0,0.42908788
0.0,0.32245305
0.0,0.36273423
0.0,0.34207678
0.0,0.45924214
0.0,0.45924214
0.0,0.45924214
0.0,0.45924214
0.0,0.45924214
0.0,0.45924214
0.0,0.45924214
0.0,0.45924214
0.0,0.45924214
0.0,0.45924214
0.0,0.45924214
0.0,0.45924214
0.0,0.45924214
0.0,0.45924214
0.0,0.45924214
0.0,0.45924214
0.0,0.45924214
0.0,0.45924214
0.0,0.45924214
0.0,0.45924214
0.0,0.3136536
0.0,0.4206069
0.0,0.3196559
0.0,0.26894653
0.0,0.35328683
0.0,0.38625112
0.0,0.37421998
0.0,0.36669704
0.0,0.47018045
0.0,0.39562136
0.0,0.4552534
0.0,0.62311363
0.0,0.43260717
0.0,0.72166276
0.0,0.72166276
0.0,0.72166276
0.0,0.72166276
0.0,0.72166276
0.0,0.72166276
0.0,0.72166276
0.0,0.72166276
0.0,0.72166276
0.0,0.72166276
0.0,0.72166276
0.0,0.72166276
0.0,0.72166276
0.0,0.72166276
0.0,0.72166276
0.0,0.43385342
0.0,0.65334743
0.0,0.69999427
0.0,0.6916728
0.0,0.49780887
0.0,0.50285983
0.0,0.52452093
0.0,0.6228786
0.0,0.68207985
0.0,0.6151871
0.0,0.49049073
0.0,0.69384205
0.0,0.2672105
0.0,0.17547117
0.0,0.17450106
0.0,0.2315001
0.0,0.21994105
0.0,0.21186358
0.0,0.15006211
0.0,0.21645504
0.0,0.14015855
0.0,0.28712934
0.0,0.17515904
0.0,0.26292208
0.0,0.26292208
0.0,0.26292208
0.0,0.26292208
0.0,0.26292208
0.0,0.26292208
0.0,0.26292208
0.0,0.26292208
0.0,0.26292208
0.0,0.26292208
0.0,0.26292208
0.0,0.26292208
0.0,0.26292208
0.0,0.26292208
0.0,0.26292208
0.0,0.26292208
0.0,0.26292208
0.0,0.26292208
0.0,0.26292208
0.0,0.26292208
0.0,0.21034643
0.0,0.23746078
0.0,0.23690498
0.0,0.2021681
0.0,0.14336301
0.0,0.22644882
0.0,0.15634838
0.0,0.21756652
0.0,0.53645694
0.0,0.42875454
0.0,0.52849287
0.0,0.52849287
0.0,0.52849287
0.0,0.52849287
0.0,0.52849287
0.0,0.5655213
0.0,0.33049077
0.0,0.25745422
0.0,0.2692219
0.0,0.2692219
0.0,0.2692219
0.0,0.2692219
0.0,0.2692219
0.0,0.2692219
0.0,0.2692219
0.0,0.2692219
0.0,0.2692219
0.0,0.2692219
0.0,0.2692219
0.0,0.2692219
0.0,0.2692219
0.0,0.2692219
0.0,0.2692219
0.0,0.27939892
0.0,0.2785333
0.0,0.18924406
0.0,0.47312754
0.0,0.20088163
0.0,0.2183528
0.0,0.20011133
0.0,0.2983096
0.0,0.32781902
0.0,0.39441204
0.0,0.3273427
0.0,0.26245144
0.0,0.34350148
0.0,0.6494141
0.0,0.7278979
0.0,0.7272916
0.0,0.6797578
0.0,0.7017949
0.0,0.7017949
0.0,0.7017949
0.0,0.7017949
0.0,0.7017949
0.0,0.7017949
0.0,0.7017949
0.0,0.68974525
0.0,0.5657458
0.0,0.7077196
0.0,0.49520907
0.0,0.45675793
0.0,0.45675793
0.0,0.45675793
0.0,0.45675793
0.0,0.45675793
0.0,0.45675793
0.0,0.45675793
0.0,0.45675793
0.0,0.45675793
0.0,0.45675793
0.0,0.45675793
0.0,0.45675793
0.0,0.45675793
0.0,0.45675793
0.0,0.45675793
0.0,0.45675793
0.0,0.45675793
0.0,0.335709
0.0,0.35184333
0.0,0.46652922
0.0,0.4861892
0.0,0.301101
0.0,0.4483348
0.0,0.47134838
0.0,0.33125058
0.0,0.48926416
0.0,0.57388985
0.0,0.56172174
0.0,0.38390645
0.0,0.49190792
0.0,0.467739
0.0,0.48689926
0.0,0.65001404
0.0,0.7921077
0.0,0.62221354
0.0,0.5676742
0.0,0.6948422
0.0,0.6045267
0.0,0.67484176
0.0,0.4899912
0.0,0.61322063
0.0,0.8163618
0.0,0.80357456
0.0,0.80357456
0.0,0.80357456
0.0,0.80357456
0.0,0.80357456
0.0,0.80357456
0.0,0.80357456
0.0,0.80357456
0.0,0.80357456
0.0,0.80357456
0.0,0.80357456
0.0,0.80357456
0.0,0.80357456
0.0,0.80357456
0.0,0.80357456
0.0,0.80357456
0.0,0.80357456
0.0,0.80357456
0.0,0.80357456
0.0,0.7333461
0.0,0.56238335
0.0,0.5474309
0.0,0.66606957
0.0,0.41156128
0.0,0.67372614
0.0,0.56080616
0.0,0.56080616
0.0,0.56080616
0.0,0.56080616
0.0,0.56080616
0.0,0.56080616
0.0,0.5038598
0.0,0.43591115
0.0,0.5598814
0.0,0.6208608
0.0,0.32186902
0.0,0.42759633
0.0,0.27040932
0.0,0.31394127
0.0,0.32511866
0.0,0.5649796
0.0,0.297878
0.0,0.29055503
0.0,0.49789944
0.0,0.32690454
0.0,0.32690454
0.0,0.32690454
0.0,0.32690454
0.0,0.32690454
0.0,0.32690454
0.0,0.32690454
0.0,0.32690454
0.0,0.32690454
0.0,0.32690454
0.0,0.32690454
0.0,0.32690454
0.0,0.32690454
0.0,0.32690454
0.0,0.32690454
0.0,0.32690454
0.0,0.32690454
0.0,0.32690454
0.0,0.32690454
0.0,0.32690454
0.0,0.42457116
0.0,0.23747137
0.0,0.23529501
0.0,0.32214648
0.0,0.45219222
0.0,0.3101681
0.0,0.33351764
0.0,0.4265325
0.0,0.274275
0.0,0.7107295
0.0,0.6165654
0.0,0.93610656
0.0,0.8653072
0.0,0.93201435
0.0,0.91759694
0.0,0.86602956
0.0,0.8673234
0.0,0.91037446
0.0,0.8615122
0.0,0.90582126
0.0,0.7768395
0.0,0.9405801
0.0,0.77493894
0.0,0.86881477
0.0,0.87874633
0.0,0.9310466
0.0,0.9457267
0.0,0.9457267
0.0,0.9457267
0.0,0.9457267
0.0,0.9457267
0.0,0.9457267
0.0,0.9457267
0.0,0.9457267
0.0,0.9457267
0.0,0.9457267
0.0,0.9457267
0.0,0.9457267
0.0,0.9457267
0.0,0.9457267
0.0,0.9457267
0.0,0.9457267
0.0,0.9457267
0.0,0.9457267
0.0,0.91219527
0.0,0.867954
0.0,0.88548726
0.0,0.3194962
0.0,0.31792217
0.0,0.33542457
0.0,0.35868874
0.0,0.35868874
0.0,0.35868874
0.0,0.35868874
0.0,0.35868874
0.0,0.35868874
0.0,0.35868874
0.0,0.35868874
0.0,0.35868874
0.0,0.35868874
0.0,0.35868874
0.0,0.35868874
0.0,0.35868874
0.0,0.35868874
0.0,0.35868874
0.0,0.35868874
0.0,0.35868874
0.0,0.36938396
0.0,0.29702654
0.0,0.33455825
0.0,0.30499077
0.0,0.32401034
0.0,0.31920332
0.0,0.35142604
0.0,0.34737104
0.0,0.34927848
0.0,0.3304139
0.0,0.293493
0.0,0.3604177
0.0,0.41940066
0.0,0.5742308
0.0,0.5410024
0.0,0.47467583
0.0,0.4154752
0.0,0.66804576
0.0,0.6344904
0.0,0.6344904
0.0,0.6344904
0.0,0.6344904
0.0,0.6344904
0.0,0.6344904
0.0,0.6344904
0.0,0.6344904
0.0,0.6344904
0.0,0.6344904
0.0,0.6344904
0.0,0.6274429
0.0,0.5100361
0.0,0.39639226
0.0,0.3940789
0.0,0.43648747
0.0,0.5591414
0.0,0.35804373
0.0,0.5733822
0.0,0.5128792
0.0,0.49540913
0.0,0.5049161
0.0,0.54859596
0.0,0.5669721
0.0,0.5485364
0.0,0.37848526
0.0,0.55424607
0.0,0.43211502
0.0,0.43211502
0.0,0.43211502
0.0,0.43211502
0.0,0.43211502
0.0,0.43211502
0.0,0.43211502
0.0,0.43211502
0.0,0.43211502
0.0,0.43211502
0.0,0.43211502
0.0,0.43211502
0.0,0.43211502
0.0,0.43211502
0.0,0.43211502
0.0,0.43211502
0.0,0.43211502
0.0,0.43211502
0.0,0.43211502
0.0,0.4952334
0.0,0.49223652
0.0,0.49399593
0.0,0.5344938
0.0,0.29713732
0.0,0.44751158
0.0,0.60314715
0.0,0.44630805
0.0,0.5952308
0.0,0.5906264
0.0,0.5091669
0.0,0.6130677
0.0,0.56219685
0.0,0.56219685
0.0,0.56219685
0.0,0.56219685
0.0,0.56219685
0.0,0.56219685
0.0,0.56219685
0.0,0.56219685
0.0,0.56219685
0.0,0.3419121
0.0,0.6541379
0.0,0.38344437
0.0,0.5489991
0.0,0.4519809
0.0,0.42575327
0.0,0.44752827
0.0,0.44752827
0.0,0.44752827
0.0,0.44752827
0.0,0.44752827
0.0,0.44752827
0.0,0.44752827
0.0,0.44752827
0.0,0.44752827
0.0,0.44752827
0.0,0.3678975
0.0,0.46799865
0.0,0.37332037
0.0,0.52438664
0.0,0.46499076
0.0,0.5230669
0.0,0.48598215
0.0,0.2036124
0.0,0.14752032
0.0,0.2752574
0.0,0.2752574
0.0,0.2752574
0.0,0.2752574
0.0,0.2752574
0.0,0.2752574
0.0,0.2752574
0.0,0.11344025
0.0,0.20015034
0.0,0.25279874
0.0,0.19465007
0.0,0.09675138
0.0,0.8506933
0.0,0.7315039
0.0,0.4083707
0.0,0.343659
0.0,0.35164863
0.0,0.38343856
0.0,0.33880368
0.0,0.4207308
0.0,0.33794215
0.0,0.3634243
0.0,0.3961278
0.0,0.35300547
0.0,0.46414486
0.0,0.36464465
0.0,0.38111916
0.0,0.38168493
0.0,0.38168493
0.0,0.38168493
0.0,0.38168493
0.0,0.38168493
0.0,0.38168493
0.0,0.38168493
0.0,0.38168493
0.0,0.38168493
0.0,0.38168493
0.0,0.38168493
0.0,0.38168493
0.0,0.38168493
0.0,0.38168493
0.0,0.38168493
0.0,0.38168493
0.0,0.38168493
0.0,0.38168493
0.0,0.38168493
0.0,0.38168493
0.0,0.32607836
0.0,0.44557267
0.0,0.4320464
0.0,0.26422837
0.0,0.29777882
0.0,0.39487264
0.0,0.43315554
0.0,0.49674356
0.0,0.49674356
0.0,0.8947411
0.0,0.9215917
0.0,0.9020351
0.0,0.96251863
0.0,0.96251863
0.0,0.96251863
0.0,0.6337169
0.0,0.73800415
0.0,0.570042
0.0,0.48045743
0.0,0.49835303
0.0,0.5093464
0.0,0.5274598
0.0,0.4346389
0.0,0.5457509
0.0,0.5872456
0.0,0.43550533
0.0,0.5631538
0.0,0.5201591
0.0,0.3774052
0.0,0.3774052
0.0,0.3774052
0.0,0.3774052
0.0,0.3774052
0.0,0.3774052
0.0,0.3774052
0.0,0.3774052
0.0,0.3774052
0.0,0.3774052
0.0,0.3774052
0.0,0.3774052
0.0,0.3774052
0.0,0.3774052
0.0,0.3774052
0.0,0.3774052
0.0,0.3774052
0.0,0.3774052
0.0,0.3774052
0.0,0.3774052
0.0,0.41981462
0.0,0.45164278
0.0,0.52433133
0.0,0.66094303
0.0,0.5295817
0.0,0.44837517
0.0,0.5260062
0.0,0.92052376
0.0,0.94950825
0.0,0.9124796
0.0,0.9106394
0.0,0.9152282
0.0,0.92788446
0.0,0.8815916
0.0,0.9027922
0.0,0.8913527
0.0,0.9140044
0.0,0.9063801
0.0,0.9324931
0.0,0.88317573
0.0,0.90196186
0.0,0.90196186
0.0,0.90196186
0.0,0.90196186
0.0,0.90196186
0.0,0.90196186
0.0,0.90196186
0.0,0.90196186
0.0,0.90196186
0.0,0.90196186
0.0,0.90196186
0.0,0.90196186
0.0,0.90196186
0.0,0.90196186
0.0,0.90196186
0.0,0.90196186
0.0,0.90196186
0.0,0.90196186
0.0,0.90196186
0.0,0.90196186
0.0,0.9277774
0.0,0.9076736
0.0,0.94038177
0.0,0.9066608
0.0,0.8559682
0.0,0.47931096
0.0,0.41062456
0.0,0.46442944
0.0,0.44475135
0.0,0.44475135
0.0,0.44475135
0.0,0.7178397
0.0,0.7767462
0.0,0.79021007
0.0,0.8090165
0.0,0.8090165
0.0,0.8090165
0.0,0.8090165
0.0,0.8090165
0.0,0.8090165
0.0,0.8090165
0.0,0.8090165
0.0,0.8090165
0.0,0.8090165
0.0,0.8090165
0.0,0.8547869
0.0,0.77074486
0.0,0.74083596
0.0,0.82122314
0.0,0.7066605
0.0,0.7098702
0.0,0.87112856
0.0,0.7174982
0.0,0.8244296
0.0,0.84211725
0.0,0.8700258
0.0,0.8529475
0.0,0.87079406
0.0,0.889911
0.0,0.81188893
0.0,0.892701
0.0,0.892701
0.0,0.892701
0.0,0.892701
0.0,0.892701
0.0,0.892701
0.0,0.892701
0.0,0.892701
0.0,0.892701
0.0,0.892701
0.0,0.892701
0.0,0.892701
0.0,0.892701
0.0,0.892701
0.0,0.892701
0.0,0.892701
0.0,0.892701
0.0,0.892701
0.0,0.892701
0.0,0.79539835
0.0,0.8992461
0.0,0.87272114
0.0,0.8493096
0.0,0.8119985
0.0,0.87514627
0.0,0.73664755
0.0,0.8220168
0.0,0.3681457
0.0,0.3300875
0.0,0.51659966
0.0,0.34908938
0.0,0.34908938
0.0,0.34908938
0.0,0.39185897
0.0,0.40163374
0.0,0.40163374
0.0,0.40163374
0.0,0.40163374
0.0,0.40163374
0.0,0.40163374
0.0,0.40163374
0.0,0.40163374
0.0,0.40163374
0.0,0.40163374
0.0,0.40163374
0.0,0.40163374
0.0,0.40163374
0.0,0.40163374
0.0,0.40163374
0.0,0.40163374
0.0,0.40163374
0.0,0.40163374
0.0,0.49714825
0.0,0.3658338
0.0,0.3983482
0.0,0.4046028
0.0,0.42036268
0.0,0.40929794
0.0,0.32450667
0.0,0.40889966
0.0,0.37094125
0.0,0.4045927
0.0,0.3733331
0.0,0.4859048
0.0,0.43524384
0.0,0.33066905
0.0,0.40426937
0.0,0.377959
0.0,0.2843325
0.0,0.3753129
0.0,0.32098836
0.0,0.32098836
0.0,0.32098836
0.0,0.32098836
0.0,0.45167756
0.0,0.44609568
0.0,0.5234978
0.0,0.49721324
0.0,0.5212141
0.0,0.4819972
0.0,0.5785288
0.0,0.6223453
0.0,0.38442302
0.0,0.6720601
0.0,0.6720601
0.0,0.6720601
0.0,0.6720601
0.0,0.6720601
0.0,0.6720601
0.0,0.6720601
0.0,0.6720601
0.0,0.6720601
0.0,0.6720601
0.0,0.6720601
0.0,0.6720601
0.0,0.6720601
0.0,0.6720601
0.0,0.6720601
0.0,0.6720601
0.0,0.6720601
0.0,0.6720601
0.0,0.6720601
0.0,0.6720601
0.0,0.4538051
0.0,0.35494587
0.0,0.7181351
0.0,0.37024415
0.0,0.5372951
0.0,0.60767615
0.0,0.31325796
0.0,0.53070074
0.0,0.5540913
0.0,0.5177777
0.0,0.52885824
0.0,0.3954191
0.0,0.37040076
0.0,0.3624331
0.0,0.3624331
0.0,0.3624331
0.0,0.3624331
0.0,0.3624331
0.0,0.3624331
0.0,0.3624331
0.0,0.3624331
0.0,0.4224514
0.0,0.43193746
0.0,0.46852487
0.0,0.42144004
0.0,0.3450598
0.0,0.4328488
0.0,0.33220318
0.0,0.8260704
0.0,0.8277349
0.0,0.8679248
0.0,0.7878659
0.0,0.91165185
0.0,0.91165185
0.0,0.91165185
0.0,0.91165185
0.0,0.91165185
0.0,0.91165185
0.0,0.91165185
0.0,0.91165185
0.0,0.91165185
0.0,0.7775192
0.0,0.8255112
0.0,0.834831
0.0,0.8696411
0.0,0.80209875
0.0,0.21367757
0.0,0.38561952
0.0,0.4934143
0.0,0.39266866
0.0,0.2850627
0.0,0.41693634
0.0,0.48291436
0.0,0.22717248
0.0,0.3421274
0.0,0.55208886
0.0,0.353231
0.0,0.353231
0.0,0.353231
0.0,0.353231
0.0,0.353231
0.0,0.353231
0.0,0.353231
0.0,0.353231
0.0,0.353231
0.0,0.353231
0.0,0.353231
0.0,0.353231
0.0,0.353231
0.0,0.353231
0.0,0.353231
0.0,0.40538365
0.0,0.4477207
0.0,0.3327098
0.0,0.27840132
0.0,0.46376052
0.0,0.27289614
0.0,0.33093166
0.0,0.39226282
0.0,0.47768226
0.0,0.40417743
0.0,0.34232005
0.0,0.30982158
0.0,0.29937443
0.0,0.4053446
0.0,0.46244884
0.0,0.46244884
0.0,0.46244884
0.0,0.46244884
0.0,0.46244884
0.0,0.46244884
0.0,0.46244884
0.0,0.46244884
0.0,0.46244884
0.0,0.46244884
0.0,0.46244884
0.0,0.46244884
0.0,0.46244884
0.0,0.46244884
0.0,0.46244884
0.0,0.46244884
0.0,0.46244884
0.0,0.46244884
0.0,0.4697254
0.0,0.35179123
0.0,0.24757133
0.0,0.2785025
0.0,0.3528234
0.0,0.19890781
0.0,0.3906475
0.0,0.7521819
0.0,0.7059429
0.0,0.7241784
0.0,0.7288718
0.0,0.8078741
0.0,0.7338938
0.0,0.742673
0.0,0.7577131
0.0,0.69586074
0.0,0.72772753
0.0,0.6717813
0.0,0.80297613
0.0,0.59460974
0.0,0.7774327
0.0,0.70708513
0.0,0.6999496
0.0,0.6999496
0.0,0.6999496
0.0,0.6999496
0.0,0.6999496
0.0,0.6999496
0.0,0.6999496
0.0,0.6999496
0.0,0.6999496
0.0,0.6999496
0.0,0.6999496
0.0,0.6999496
0.0,0.6999496
0.0,0.6999496
0.0,0.6999496
0.0,0.6999496
0.0,0.6999496
0.0,0.6999496
0.0,0.6999496
0.0,0.6999496
0.0,0.7533377
0.0,0.7921186
0.0,0.74752545
0.0,0.36053082
0.0,0.36053082
0.0,0.36053082
0.0,0.31348205
0.0,0.16197783
0.0,0.2403249
0.0,0.3299129
0.0,0.2785253
0.0,0.2785253
0.0,0.2785253
0.0,0.2785253
0.0,0.2785253
0.0,0.2785253
0.0,0.2785253
0.0,0.2785253
0.0,0.2785253
0.0,0.2785253
0.0,0.2785253
0.0,0.2785253
0.0,0.2785253
0.0,0.2785253
0.0,0.2785253
0.0,0.2785253
0.0,0.2785253
0.0,0.2785253
0.0,0.2785253
0.0,0.32542318
0.0,0.32826504
0.0,0.32466987
0.0,0.33764407
0.0,0.37879148
0.0,0.34532177
0.0,0.23465341
0.0,0.28685638
0.0,0.34366316
0.0,0.29281303
0.0,0.3871918
0.0,0.3823572
0.0,0.2685005
0.0,0.36808854
0.0,0.22440949
0.0,0.35627854
0.0,0.71538097
0.0,0.7039406
0.0,0.72428674
0.0,0.61471426
0.0,0.7780285
0.0,0.81643075
0.0,0.81643075
0.0,0.81643075
0.0,0.81643075
0.0,0.81643075
0.0,0.81643075
0.0,0.81643075
0.0,0.81643075
0.0,0.81643075
0.0,0.81643075
0.0,0.81643075
0.0,0.81643075
0.0,0.81643075
0.0,0.81643075
0.0,0.81643075
0.0,0.81643075
0.0,0.81643075
0.0,0.81643075
0.0,0.81643075
0.0,0.81643075
0.0,0.63629687
0.0,0.7517179
0.0,0.6177264
0.0,0.69928
0.0,0.665814
0.0,0.64272046
0.0,0.64735264
0.0,0.53550106
0.0,0.6033755
0.0,0.80395824
0.0,0.64806354
0.0,0.6703954
0.0,0.5785685
0.0,0.23144293
0.0,0.17916156
0.0,0.26850626
0.0,0.24588317
0.0,0.26317802
0.0,0.20779787
0.0,0.3163858
0.0,0.24117166
0.0,0.18923213
0.0,0.34310487
0.0,0.34310487
0.0,0.34310487
0.0,0.34310487
0.0,0.34310487
0.0,0.34310487
0.0,0.34310487
0.0,0.34310487
0.0,0.34310487
0.0,0.34310487
0.0,0.34310487
0.0,0.34310487
0.0,0.34310487
0.0,0.34310487
0.0,0.34310487
0.0,0.34310487
0.0,0.34310487
0.0,0.34310487
0.0,0.34310487
0.0,0.1669199
0.0,0.19118209
0.0,0.23840953
0.0,0.26362622
0.0,0.22379279
0.0,0.27669257
0.0,0.1393945
0.0,0.26364958
0.0,0.3741687
0.0,0.46514598
0.0,0.33786592
0.0,0.40930638
0.0,0.32532066
0.0,0.32617503
0.0,0.37462798
0.0,0.37462798
0.0,0.37462798
0.0,0.37462798
0.0,0.39934713
0.0,0.39934713
0.0,0.35936314
0.0,0.46090686
0.0,0.637273
0.0,0.5912179
0.0,0.41273278
0.0,0.5714242
0.0,0.5407387
0.0,0.6854455
0.0,0.6854455
0.0,0.6854455
0.0,0.6854455
0.0,0.6854455
0.0,0.6854455
0.0,0.6854455
0.0,0.6854455
0.0,0.6854455
0.0,0.6854455
0.0,0.6854455
0.0,0.6854455
0.0,0.6854455
0.0,0.6854455
0.0,0.6854455
0.0,0.5420787
0.0,0.6150632
0.0,0.57917655
0.0,0.47072533
0.0,0.61396337
0.0,0.6802948
0.0,0.6145952
0.0,0.48825133
0.0,0.580846
0.0,0.4836218
0.0,0.57242614
0.0,0.49779487
0.0,0.5920299
0.0,0.48772973
0.0,0.4019044
0.0,0.6441369
0.0,0.42246032
0.0,0.5210554
0.0,0.4496351
0.0,0.44309664
0.0,0.50435627
0.0,0.51754946
0.0,0.44102576
0.0,0.5306201
0.0,0.5306201
0.0,0.5306201
0.0,0.5306201
0.0,0.5306201
0.0,0.5306201
0.0,0.5306201
0.0,0.5306201
0.0,0.5306201
0.0,0.5306201
0.0,0.5306201
0.0,0.5306201
0.0,0.5306201
0.0,0.5306201
0.0,0.5306201
0.0,0.5306201
0.0,0.5306201
0.0,0.5306201
0.0,0.5306201
0.0,0.5306201
0.0,0.49761
0.0,0.5467383
0.0,0.47282535
0.0,0.61048096
0.0,0.527369
0.0,0.6251266
0.0,0.62975246
0.0,0.7222497
0.0,0.6373675
0.0,0.59481686
0.0,0.59481686
0.0,0.59481686
0.0,0.59481686
0.0,0.59481686
0.0,0.59481686
0.0,0.59481686
0.0,0.59481686
0.0,0.59481686
0.0,0.59481686
0.0,0.59481686
0.0,0.65522146
0.0,0.56632364
0.0,0.6624829
0.0,0.63160586
0.0,0.6342989
0.0,0.85796064
0.0,0.7914698
0.0,0.9082992
0.0,0.8824647
0.0,0.87793726
0.0,0.8919502
0.0,0.8705738
0.0,0.788451
0.0,0.84915364
0.0,0.8675263
0.0,0.8815658
0.0,0.8815658
0.0,0.8815658
0.0,0.8815658
0.0,0.8815658
0.0,0.8815658
0.0,0.8815658
0.0,0.8815658
0.0,0.8815658
0.0,0.8815658
0.0,0.8815658
0.0,0.8815658
0.0,0.8815658
0.0,0.8815658
0.0,0.8815658
0.0,0.8815658
0.0,0.8815658
0.0,0.86348665
0.0,0.8372158
0.0,0.8543303
0.0,0.8141393
0.0,0.89197916
0.0,0.35771045
0.0,0.35771045
0.0,0.40201703
0.0,0.3898791
0.0,0.37703094
0.0,0.25641397
0.0,0.26458204
0.0,0.23282266
0.0,0.23278394
0.0,0.24454336
0.0,0.29043344
0.0,0.3626372
0.0,0.20920394
0.0,0.18480815
0.0,0.34046143
0.0,0.1604899
0.0,0.23279299
0.0,0.37110075
0.0,0.2623014
0.0,0.44337907
0.0,0.44337907
0.0,0.44337907
0.0,0.44337907
0.0,0.44337907
0.0,0.44337907
0.0,0.44337907
0.0,0.44337907
0.0,0.44337907
0.0,0.44337907
0.0,0.44337907
0.0,0.44337907
0.0,0.44337907
0.0,0.44337907
0.0,0.44337907
0.0,0.44337907
0.0,0.44337907
0.0,0.44337907
0.0,0.44337907
0.0,0.44337907
0.0,0.29659966
0.0,0.30360806
0.0,0.36749616
0.0,0.81256485
0.0,0.8039938
0.0,0.91590476
0.0,0.8928926
0.0,0.89323735
0.0,0.93460816
0.0,0.7678729
0.0,0.7921833
0.0,0.90684867
0.0,0.94941914
0.0,0.9066994
0.0,0.8673351
0.0,0.9394005
0.0,0.9394005
0.0,0.9394005
0.0,0.9394005
0.0,0.9394005
0.0,0.9394005
0.0,0.9394005
0.0,0.9394005
0.0,0.9394005
0.0,0.9394005
0.0,0.9394005
0.0,0.9394005
0.0,0.2505731
0.0,0.3858234
0.0,0.3858234
0.0,0.3858234
0.0,0.3858234
0.0,0.3858234
0.0,0.3858234
0.0,0.3858234
0.0,0.3858234
0.0,0.47291347
0.0,0.38890213
0.0,0.36904326
0.0,0.36202288
0.0,0.2524782
0.0,0.591624
0.0,0.2703916
0.0,0.5206544
0.0,0.6520344
0.0,0.52211386
0.0,0.33775383
0.0,0.43362367
0.0,0.5446439
0.0,0.5446439
0.0,0.5446439
0.0,0.5446439
0.0,0.5446439
0.0,0.5446439
0.0,0.5446439
0.0,0.5446439
0.0,0.5446439
0.0,0.5446439
0.0,0.5446439
0.0,0.5446439
0.0,0.5446439
0.0,0.5446439
0.0,0.5446439
0.0,0.5446439
0.0,0.5446439
0.0,0.5446439
0.0,0.5446439
0.0,0.5446439
0.0,0.46164832
0.0,0.32393566
0.0,0.54488105
0.0,0.34011105
0.0,0.40089357
0.0,0.46884236
0.0,0.48870048
0.0,0.5495466
0.0,0.5676705
0.0,0.5005818
0.0,0.433684
0.0,0.48465872
0.0,0.5110372
0.0,0.3405779
0.0,0.5031009
0.0,0.5681939
0.0,0.5888874
0.0,0.6628556
0.0,0.6893971
0.0,0.7452722
0.0,0.7696066
0.0,0.70365673
0.0,0.56236917
0.0,0.55861944
0.0,0.5113487
0.0,0.75277114
0.0,0.62021446
0.0,0.62021446
0.0,0.62021446
0.0,0.62021446
0.0,0.62021446
0.0,0.62021446
0.0,0.62021446
0.0,0.62021446
0.0,0.62021446
0.0,0.62021446
0.0,0.62021446
0.0,0.62021446
0.0,0.62021446
0.0,0.62021446
0.0,0.62021446
0.0,0.62021446
0.0,0.62021446
0.0,0.62021446
0.0,0.62021446
0.0,0.62021446
0.0,0.5090683
0.0,0.80874294
0.0,0.73570865
0.0,0.41772142
0.0,0.7886934
0.0,0.63176155
0.0,0.7202966
0.0,0.5484428
0.0,0.65867645
0.0,0.8315067
0.0,0.8305296
0.0,0.8022375
0.0,0.8192373
0.0,0.8304596
0.0,0.92828774
0.0,0.92828774
0.0,0.92828774
0.0,0.92828774
0.0,0.92828774
0.0,0.92828774
0.0,0.92828774
0.0,0.92828774
0.0,0.92828774
0.0,0.92828774
0.0,0.92828774
0.0,0.92828774
0.0,0.92828774
0.0,0.92828774
0.0,0.92828774
0.0,0.92828774
0.0,0.92828774
0.0,0.92828774
0.0,0.92828774
0.0,0.860255
0.0,0.8273338
0.0,0.7673426
0.0,0.7998852
0.0,0.75962156
0.0,0.83089864
0.0,0.76682246
0.0,0.84808373
0.0,0.9022492
0.0,0.75596714
0.0,0.79756683
0.0,0.78637177
0.0,0.34328407
0.0,0.36486512
0.0,0.31594062
0.0,0.26609483
0.0,0.4071837
0.0,0.4071837
0.0,0.4071837
0.0,0.4071837
0.0,0.48572242
0.0,0.5247406
0.0,0.5185582
0.0,0.5169472
0.0,0.5169472
0.0,0.5169472
0.0,0.5169472
0.0,0.5169472
0.0,0.55795074
0.0,0.4573224
0.0,0.41481385
0.0,0.6384498
0.0,0.4170435
0.0,0.42950645
0.0,0.41267815
0.0,0.51488286
0.0,0.4307778
0.0,0.47187012
0.0,0.31810415
0.0,0.5440716
0.0,0.33315167
0.0,0.5055802
0.0,0.44159988
0.0,0.34786555
0.0,0.47692516
0.0,0.71651095
0.0,0.71651095
0.0,0.71651095
0.0,0.71651095
0.0,0.71651095
0.0,0.71651095
0.0,0.71651095
0.0,0.71651095
0.0,0.71651095
0.0,0.71651095
0.0,0.71651095
0.0,0.71651095
0.0,0.71651095
0.0,0.71651095
0.0,0.71651095
0.0,0.71651095
0.0,0.33949357
0.0,0.33821073
0.0,0.28729147
0.0,0.29471996
0.0,0.30271792
0.0,0.25740156
0.0,0.25160745
0.0,0.3563525
0.0,0.33265123
0.0,0.2765016
0.0,0.32760024
0.0,0.33611807
0.0,0.3324374
0.0,0.3324374
0.0,0.3324374
0.0,0.3324374
0.0,0.3324374
0.0,0.3324374
0.0,0.3324374
0.0,0.3324374
0.0,0.3324374
0.0,0.3324374
0.0,0.3324374
0.0,0.3324374
0.0,0.3324374
0.0,0.3324374
0.0,0.3324374
0.0,0.3324374
0.0,0.3324374
0.0,0.3324374
0.0,0.3324374
0.0,0.2885563
0.0,0.35543004
0.0,0.33580044
0.0,0.39454502
0.0,0.28640655
0.0,0.32613894
0.0,0.8981227
0.0,0.93821335
0.0,0.9394143
0.0,0.9394143
0.0,0.9394143
0.0,0.9394143
0.0,0.9394143
0.0,0.9394143
0.0,0.9394143
0.0,0.9394143
0.0,0.893828
0.0,0.8779632
0.0,0.929023
0.0,0.89050263
0.0,0.88725686
0.0,0.90292007
0.0,0.36100647
0.0,0.36100647
0.0,0.2971747
0.0,0.542121
0.0,0.8466589
0.0,0.8329423
0.0,0.8095493
0.0,0.9157769
0.0,0.9157769
0.0,0.9157769
0.0,0.9157769
0.0,0.8283336
0.0,0.46016544
0.0,0.40554166
0.0,0.24808572
0.0,0.17160386
0.0,0.3086041
0.0,0.39463472
0.0,0.39463472
0.0,0.39463472
0.0,0.39463472
0.0,0.39463472
0.0,0.42773277
0.0,0.42773277
0.0,0.42773277
0.0,0.42773277
0.0,0.42773277
0.0,0.42773277
0.0,0.42773277
0.0,0.42773277
0.0,0.42773277
0.0,0.42773277
0.0,0.44072708
0.0,0.35287085
0.0,0.24776666
0.0,0.36029732
0.0,0.35872164
0.0,0.19478127
0.0,0.35144952
0.0,0.34048238
0.0,0.6181908
0.0,0.5802004
0.0,0.66189504
0.0,0.63810956
0.0,0.5592927
0.0,0.83470154
0.0,0.6788787
0.0,0.52328974
0.0,0.8789149
0.0,0.8789149
0.0,0.8789149
0.0,0.8789149
0.0,0.8789149
0.0,0.8789149
0.0,0.8789149
0.0,0.8789149
0.0,0.8789149
0.0,0.8789149
0.0,0.8789149
0.0,0.8789149
0.0,0.6975157
0.0,0.63259274
0.0,0.703711
0.0,0.6516292
0.0,0.3851692
0.0,0.49140006
0.0,0.5312266
0.0,0.42949083
0.0,0.34818238
0.0,0.4272333
0.0,0.39582726
0.0,0.52545846
0.0,0.4323718
0.0,0.4189302
0.0,0.6766996
0.0,0.4913204
0.0,0.48867837
0.0,0.4308838
0.0,0.352434
0.0,0.54635906
0.0,0.54635906
0.0,0.54635906
0.0,0.54635906
0.0,0.54635906
0.0,0.54635906
0.0,0.54635906
0.0,0.54635906
0.0,0.54635906
0.0,0.54635906
0.0,0.54635906
0.0,0.54635906
0.0,0.54635906
0.0,0.54635906
0.0,0.54635906
0.0,0.54635906
0.0,0.54635906
0.0,0.54635906
0.0,0.54635906
0.0,0.54635906
0.0,0.42566943
0.0,0.5475171
0.0,0.45428768
0.0,0.76606685
0.0,0.78487563
0.0,0.88241774
0.0,0.8760041
0.0,0.7917048
0.0,0.90811765
0.0,0.73900545
0.0,0.9062395
0.0,0.75829554
0.0,0.7318176
0.0,0.9084973
0.0,0.90229976
0.0,0.840179
0.0,0.85806113
0.0,0.7782041
0.0,0.92459303
0.0,0.92459303
0.0,0.92459303
0.0,0.92459303
0.0,0.92459303
0.0,0.92459303
0.0,0.92459303
0.0,0.92459303
0.0,0.92459303
0.0,0.92459303
0.0,0.92459303
0.0,0.92459303
0.0,0.92459303
0.0,0.92459303
0.0,0.92459303
0.0,0.77603185
0.0,0.7636757
0.0,0.6834195
0.0,0.6834195
0.0,0.6834195
0.0,0.6834195
0.0,0.6834195
0.0,0.6834195
0.0,0.6834195
0.0,0.6834195
0.0,0.6834195
0.0,0.6834195
0.0,0.6834195
0.0,0.6834195
0.0,0.6834195
0.0,0.7174189
0.0,0.6920972
0.0,0.72379416
0.0,0.75025856
0.0,0.8038307
0.0,0.7359153
0.0,0.6994066
0.0,0.8230113
0.0,0.7732881
0.0,0.79879487
0.0,0.81547296
0.0,0.38744724
0.0,0.49019152
0.0,0.5054022
0.0,0.31086338
0.0,0.38647336
0.0,0.37155536
0.0,0.4685907
0.0,0.4685907
0.0,0.4685907
0.0,0.4685907
0.0,0.4685907
0.0,0.4685907
0.0,0.88693744
0.0,0.8521954
0.0,0.9478652
0.0,0.9369135
0.0,0.9337043
0.0,0.9337043
0.0,0.9337043
0.0,0.9337043
0.0,0.9337043
0.0,0.9337043
0.0,0.9337043
0.0,0.9337043
0.0,0.9337043
0.0,0.9337043
0.0,0.9337043
0.0,0.9337043
0.0,0.9337043
0.0,0.93675756
0.0,0.80036724
0.0,0.9053614
0.0,0.9019677
0.0,0.8433868
0.0,0.9031925
0.0,0.9391809
0.0,0.43543264
0.0,0.3847475
0.0,0.45117992
0.0,0.43420753
0.0,0.43420753
0.0,0.43420753
0.0,0.43420753
0.0,0.43420753
0.0,0.43420753
0.0,0.43420753
0.0,0.43420753
0.0,0.43420753
0.0,0.43420753
0.0,0.43420753
0.0,0.43420753
0.0,0.49427605
0.0,0.3783444
0.0,0.48988262
0.0,0.61908114
0.0,0.32098806
0.0,0.48685867
0.0,0.3816722
0.0,0.43122718
0.0,0.258185
0.0,0.6056142
0.0,0.7113024
0.0,0.27305245
0.0,0.30097717
0.0,0.6556655
0.0,0.6556655
0.0,0.6556655
0.0,0.31887165
0.0,0.63375115
0.0,0.7642164
0.0,0.6369549
0.0,0.7001576
0.0,0.67946655
0.0,0.7083944
0.0,0.71674925
0.0,0.6749818
0.0,0.7658985
0.0,0.7658985
0.0,0.7658985
0.0,0.7658985
0.0,0.7658985
0.0,0.7658985
0.0,0.7658985
0.0,0.7658985
0.0,0.7658985
0.0,0.7658985
0.0,0.7658985
0.0,0.7658985
0.0,0.7658985
0.0,0.7658985
0.0,0.7658985
0.0,0.7658985
0.0,0.7658985
0.0,0.7658985
0.0,0.7658985
0.0,0.7658985
0.0,0.6778192
0.0,0.7283925
0.0,0.70763755
0.0,0.6639675
0.0,0.6857226
0.0,0.67806834
0.0,0.68466175
0.0,0.6818042
0.0,0.8132407
0.0,0.7447459
0.0,0.88400966
0.0,0.8375976
0.0,0.8512163
0.0,0.87337303
0.0,0.8553463
0.0,0.66416425
0.0,0.9052998
0.0,0.9052998
0.0,0.9052998
0.0,0.9052998
0.0,0.9052998
0.0,0.9052998
0.0,0.9052998
0.0,0.9052998
0.0,0.49263555
0.0,0.49953908
0.0,0.5727983
0.0,0.5851165
0.0,0.5775591
0.0,0.57307
0.0,0.60248184
0.0,0.60248184
0.0,0.60248184
0.0,0.60248184
0.0,0.60248184
0.0,0.60248184
0.0,0.65003276
0.0,0.5542612
0.0,0.5802232
0.0,0.5435946
0.0,0.5927961
0.0,0.5282688
0.0,0.578456
0.0,0.6078468
0.0,0.7373773
0.0,0.6760125
0.0,0.6883024
0.0,0.43679237
0.0,0.67125046
0.0,0.618288
0.0,0.58553314
0.0,0.7159692
0.0,0.76622814
0.0,0.76622814
0.0,0.76622814
0.0,0.76622814
0.0,0.76622814
0.0,0.76622814
0.0,0.76622814
0.0,0.76622814
0.0,0.76622814
0.0,0.76622814
0.0,0.76622814
0.0,0.76622814
0.0,0.76622814
0.0,0.76622814
0.0,0.76622814
0.0,0.76622814
0.0,0.76622814
0.0,0.76622814
0.0,0.46949375
0.0,0.57527614
0.0,0.63883126
0.0,0.57257074
0.0,0.57257074
0.0,0.57257074
0.0,0.57257074
0.0,0.57257074
0.0,0.57257074
0.0,0.57257074
0.0,0.57257074
0.0,0.57257074
0.0,0.57257074
0.0,0.57257074
0.0,0.57257074
0.0,0.57257074
0.0,0.57257074
0.0,0.57257074
0.0,0.57257074
0.0,0.57257074
0.0,0.57257074
0.0,0.67693716
0.0,0.66852486
0.0,0.6707899
0.0,0.69120234
0.0,0.6069972
0.0,0.5603269
0.0,0.7213008
0.0,0.6650043
0.0,0.6943175
0.0,0.6413537
0.0,0.6513538
0.0,0.4320103
0.0,0.6361072
0.0,0.3156368
0.0,0.3156368
0.0,0.3156368
0.0,0.3156368
0.0,0.3156368
0.0,0.3156368
0.0,0.3156368
0.0,0.34743568
0.0,0.26657397
0.0,0.31810442
0.0,0.1740047
0.0,0.175359
0.0,0.26277065
0.0,0.25392228
0.0,0.38807544
0.0,0.3131751
0.0,0.30358616
0.0,0.27676654
0.0,0.28650245
0.0,0.44587696
0.0,0.36478958
0.0,0.29177523
0.0,0.29177523
0.0,0.29177523
0.0,0.29177523
0.0,0.29177523
0.0,0.29177523
0.0,0.29177523
0.0,0.29177523
0.0,0.29177523
0.0,0.29177523
0.0,0.29177523
0.0,0.29177523
0.0,0.29177523
0.0,0.29177523
0.0,0.29177523
0.0,0.29177523
0.0,0.29177523
0.0,0.29177523
0.0,0.29177523
0.0,0.29177523
0.0,0.4334163
0.0,0.20195574
0.0,0.2838463
0.0,0.38306057
0.0,0.2220675
0.0,0.38129836
0.0,0.39697194
0.0,0.42071083
0.0,0.4360841
0.0,0.36829203
0.0,0.42643693
0.0,0.37729907
0.0,0.26500016
0.0,0.28448147
0.0,0.33244118
0.0,0.35654894
0.0,0.27495807
0.0,0.39318365
0.0,0.31516036
0.0,0.31516036
0.0,0.31516036
0.0,0.31516036
0.0,0.31516036
0.0,0.31516036
0.0,0.31516036
0.0,0.31516036
0.0,0.37683502
0.0,0.52643746
0.0,0.6644335
0.0,0.4449496
0.0,0.377438
0.0,0.47899386
0.0,0.4833745
0.0,0.4244602
0.0,0.4244602
0.0,0.4244602
0.0,0.4244602
0.0,0.4244602
0.0,0.4244602
0.0,0.55244917
0.0,0.2992982
0.0,0.77051747
0.0,0.7484332
0.0,0.81003284
0.0,0.8571232
0.0,0.8571232
0.0,0.8571232
0.0,0.8571232
0.0,0.8571232
0.0,0.8571232
0.0,0.8571232
0.0,0.8571232
0.0,0.8571232
0.0,0.8571232
0.0,0.8571232
0.0,0.8571232
0.0,0.8571232
0.0,0.8571232
0.0,0.8571232
0.0,0.8571232
0.0,0.8571232
0.0,0.8571232
0.0,0.8571232
0.0,0.8571232
0.0,0.8470028
0.0,0.8911284
0.0,0.7549642
0.0,0.8590855
0.0,0.83932555
0.0,0.69364667
0.0,0.8175001
0.0,0.84681594
0.0,0.84290546
0.0,0.89789313
0.0,0.8809155
0.0,0.7567535
0.0,0.87426406
0.0,0.7691027
0.0,0.8532599
0.0,0.5090018
0.0,0.5090018
0.0,0.5090018
0.0,0.5090018
0.0,0.5090018
0.0,0.5090018
0.0,0.5090018
0.0,0.5090018
0.0,0.5090018
0.0,0.5090018
0.0,0.5090018
0.0,0.5090018
0.0,0.5090018
0.0,0.5090018
0.0,0.5090018
0.0,0.34798884
0.0,0.24730831
0.0,0.3703688
0.0,0.3399937
0.0,0.54151815
0.0,0.34645247
0.0,0.4389779
0.0,0.5257463
0.0,0.327212
0.0,0.38751033
0.0,0.42646822
0.0,0.5556602
0.0,0.3190496
0.0,0.26073638
0.0,0.2501758
0.0,0.35020363
0.0,0.42767385
0.0,0.29751357
0.0,0.38173762
0.0,0.39511955
0.0,0.3364418
0.0,0.23389454
0.0,0.2506273
0.0,0.39230627
0.0,0.39230627
0.0,0.39230627
0.0,0.39230627
0.0,0.39230627
0.0,0.39230627
0.0,0.39230627
0.0,0.39230627
0.0,0.39230627
0.0,0.39230627
0.0,0.39230627
0.0,0.39230627
0.0,0.39230627
0.0,0.39230627
0.0,0.39230627
0.0,0.39230627
0.0,0.39230627
0.0,0.39230627
0.0,0.39230627
0.0,0.39230627
0.0,0.3688031
0.0,0.5237523
0.0,0.37508923
0.0,0.3854941
0.0,0.25170764
0.0,0.356825
0.0,0.21445484
0.0,0.4154645
0.0,0.22915943
0.0,0.31193522
0.0,0.32255057
0.0,0.32255057
0.0,0.32255057
0.0,0.32255057
0.0,0.32255057
0.0,0.32255057
0.0,0.32255057
0.0,0.32255057
0.0,0.32255057
0.0,0.32255057
0.0,0.32255057
0.0,0.32255057
0.0,0.32255057
0.0,0.32255057
0.0,0.32255057
0.0,0.32255057
0.0,0.32255057
0.0,0.32255057
0.0,0.3062611
0.0,0.23617281
0.0,0.24773754
0.0,0.31278846
0.0,0.28094813
0.0,0.25575277
0.0,0.31020823
0.0,0.25042173
0.0,0.3074919
0.0,0.27593878
0.0,0.2579389
0.0,0.2544806
0.0,0.30790317
0.0,0.30172297
0.0,0.86077464
0.0,0.6156585
0.0,0.8533048
0.0,0.86951685
0.0,0.8688212
0.0,0.91271955
0.0,0.8779164
0.0,0.84616095
0.0,0.78501767
0.0,0.66451734
0.0,0.91588676
0.0,0.8815433
0.0,0.8886164
0.0,0.9137711
0.0,0.8796202
0.0,0.75368047
0.0,0.8923644
0.0,0.8923644
0.0,0.8923644
0.0,0.8923644
0.0,0.8923644
0.0,0.8923644
0.0,0.8923644
0.0,0.8923644
0.0,0.8923644
0.0,0.8923644
0.0,0.8923644
0.0,0.8923644
0.0,0.8923644
0.0,0.8923644
0.0,0.8923644
0.0,0.8923644
0.0,0.8923644
0.0,0.8923644
0.0,0.8923644
0.0,0.8923644
0.0,0.6988175
0.0,0.9454802
0.0,0.47870216
0.0,0.49056008
0.0,0.49056008
0.0,0.49056008
0.0,0.5093967
0.0,0.42155614
0.0,0.7591969
0.0,0.52736074
0.0,0.7737841
0.0,0.730666
0.0,0.74278724
0.0,0.76298326
0.0,0.76298326
0.0,0.76298326
0.0,0.76298326
0.0,0.76298326
0.0,0.76298326
0.0,0.76298326
0.0,0.76298326
0.0,0.76298326
0.0,0.76298326
0.0,0.76298326
0.0,0.76298326
0.0,0.76298326
0.0,0.76298326
0.0,0.76298326
0.0,0.76298326
0.0,0.76298326
0.0,0.76298326
0.0,0.76298326
0.0,0.76298326
0.0,0.7053175
0.0,0.7467088
0.0,0.59824675
0.0,0.69334114
0.0,0.666885
0.0,0.6005743
0.0,0.740558
0.0,0.66334283
0.0,0.75483876
0.0,0.7234766
0.0,0.7591982
0.0,0.7191482
0.0,0.7684001
0.0,0.7554636
0.0,0.7820502
0.0,0.6670425
0.0,0.59259295
0.0,0.6257192
0.0,0.7243556
0.0,0.6049329
0.0,0.7052145
0.0,0.8185243
0.0,0.8185243
0.0,0.8185243
0.0,0.8185243
0.0,0.8185243
0.0,0.8185243
0.0,0.8185243
0.0,0.8185243
0.0,0.8185243
0.0,0.8185243
0.0,0.8185243
0.0,0.8185243
0.0,0.8185243
0.0,0.8185243
0.0,0.8185243
0.0,0.8185243
0.0,0.8185243
0.0,0.8185243
0.0,0.8185243
0.0,0.8185243
0.0,0.5831307
0.0,0.7943658
0.0,0.81058586
0.0,0.6257848
0.0,0.6235361
0.0,0.7365702
0.0,0.6931707
0.0,0.6742217
0.0,0.7673276
0.0,0.7213413
0.0,0.3648134
0.0,0.39835453
0.0,0.37634218
0.0,0.3219817
0.0,0.32284707
0.0,0.32284707
0.0,0.32284707
0.0,0.32284707
0.0,0.32284707
0.0,0.32284707
0.0,0.32284707
0.0,0.32284707
0.0,0.32284707
0.0,0.32284707
0.0,0.32284707
0.0,0.32284707
0.0,0.32284707
0.0,0.32284707
0.0,0.32284707
0.0,0.32284707
0.0,0.32284707
0.0,0.32284707
0.0,0.32284707
0.0,0.32284707
0.0,0.32953668
0.0,0.35725838
0.0,0.40026137
0.0,0.26797643
0.0,0.4305307
0.0,0.48867455
0.0,0.29503688
0.0,0.24466209
0.0,0.35340255
0.0,0.3731457
0.0,0.36363876
0.0,0.36243126
0.0,0.40084797
0.0,0.37194276
0.0,0.47324216
0.0,0.26805854
0.0,0.29251269
0.0,0.38443547
0.0,0.38443547
0.0,0.38443547
0.0,0.38443547
0.0,0.38443547
0.0,0.38443547
0.0,0.38443547
0.0,0.38443547
0.0,0.38443547
0.0,0.38443547
0.0,0.38443547
0.0,0.38443547
0.0,0.38443547
0.0,0.38443547
0.0,0.38443547
0.0,0.27043378
0.0,0.49834183
0.0,0.27040607
0.0,0.35140842
0.0,0.34560934
0.0,0.3197728
0.0,0.31004044
0.0,0.43612096
0.0,0.33402362
0.0,0.2614168
0.0,0.45172203
0.0,0.4938936
0.0,0.40541783
0.0,0.49481612
0.0,0.49481612
0.0,0.49481612
0.0,0.49481612
0.0,0.49481612
0.0,0.49481612
0.0,0.48924384
0.0,0.6110168
0.0,0.66654557
0.0,0.6179014
0.0,0.55113757
0.0,0.646471
0.0,0.61896914
0.0,0.538079
0.0,0.60002995
0.0,0.64194024
0.0,0.6840722
0.0,0.60396016
0.0,0.6666123
0.0,0.6961357
0.0,0.5935853
0.0,0.5105973
0.0,0.61120045
0.0,0.74124205
0.0,0.59732574
0.0,0.59732574
0.0,0.59732574
0.0,0.59732574
0.0,0.59732574
0.0,0.59732574
0.0,0.59732574
0.0,0.59732574
0.0,0.59732574
0.0,0.59732574
0.0,0.59732574
0.0,0.59732574
0.0,0.59732574
0.0,0.59732574
0.0,0.59732574
0.0,0.59732574
0.0,0.59732574
0.0,0.59732574
0.0,0.59732574
0.0,0.7017203
0.0,0.38267905
0.0,0.600637
0.0,0.600637
0.0,0.600637
0.0,0.600637
0.0,0.600637
0.0,0.600637
0.0,0.600637
0.0,0.600637
0.0,0.600637
0.0,0.600637
0.0,0.600637
0.0,0.600637
0.0,0.600637
0.0,0.600637
0.0,0.600637
0.0,0.600637
0.0,0.600637
0.0,0.600637
0.0,0.600637
0.0,0.600637
0.0,0.6840816
0.0,0.6307705
0.0,0.49795905
0.0,0.70477235
0.0,0.61740094
0.0,0.57529205
0.0,0.6569284
0.0,0.5668947
0.0,0.69572884
0.0,0.66366315
0.0,0.6674805
0.0,0.5831448
0.0,0.71045303
0.0,0.66939265
0.0,0.3299325
0.0,0.7565795
0.0,0.60670924
0.0,0.2792454
0.0,0.566664
0.0,0.56284297
0.0,0.56284297
0.0,0.56284297
0.0,0.56284297
0.0,0.56284297
0.0,0.56284297
0.0,0.56284297
0.0,0.56284297
0.0,0.56284297
0.0,0.47156867
0.0,0.5683108
0.0,0.40806624
0.0,0.42659175
0.0,0.52468
0.0,0.52788866
0.0,0.3528744
0.0,0.4798794
0.0,0.4798794
0.0,0.4798794
0.0,0.4798794
0.0,0.41867405
0.0,0.48011062
0.0,0.5470964
0.0,0.26396278
0.0,0.2521667
0.0,0.2892404
0.0,0.27401164
0.0,0.25445375
0.0,0.324413
0.0,0.324413
0.0,0.324413
0.0,0.324413
0.0,0.324413
0.0,0.324413
0.0,0.324413
0.0,0.324413
0.0,0.324413
0.0,0.324413
0.0,0.324413
0.0,0.324413
0.0,0.324413
0.0,0.324413
0.0,0.324413
0.0,0.324413
0.0,0.324413
0.0,0.324413
0.0,0.324413
0.0,0.26137662
0.0,0.26915395
0.0,0.34032997
0.0,0.21497174
0.0,0.25133297
0.0,0.3202472
0.0,0.36691046
0.0,0.34718186
0.0,0.28820282
0.0,0.21922529
0.0,0.3120224
0.0,0.43537664
0.0,0.48969358
0.0,0.34485164
0.0,0.3762915
0.0,0.45566052
0.0,0.45566052
0.0,0.45566052
0.0,0.45566052
0.0,0.45566052
0.0,0.45566052
0.0,0.45566052
0.0,0.45566052
0.0,0.42812392
0.0,0.3500504
0.0,0.3468069
0.0,0.38349164
0.0,0.4157298
0.0,0.6168249
0.0,0.5176925
0.0,0.55057013
0.0,0.5562301
0.0,0.5384528
0.0,0.36336383
0.0,0.46657255
0.0,0.5619625
0.0,0.2870157
0.0,0.43199107
0.0,0.5333358
0.0,0.5973949
0.0,0.48202467
0.0,0.48202467
0.0,0.48202467
0.0,0.48202467
0.0,0.48202467
0.0,0.48202467
0.0,0.48202467
0.0,0.48202467
0.0,0.48202467
0.0,0.48202467
0.0,0.48202467
0.0,0.48202467
0.0,0.48202467
0.0,0.48202467
0.0,0.4478054
0.0,0.43084407
0.0,0.4749678
0.0,0.5561341
0.0,0.48709998
0.0,0.47637796
0.0,0.46355125
0.0,0.42916277
0.0,0.47458357
0.0,0.54893315
0.0,0.39721888
0.0,0.39721888
0.0,0.39721888
0.0,0.39721888
0.0,0.39721888
0.0,0.39721888
0.0,0.39721888
0.0,0.39721888
0.0,0.39721888
0.0,0.39721888
0.0,0.39721888
0.0,0.39721888
0.0,0.39721888
0.0,0.4038774
0.0,0.4629262
0.0,0.65693706
0.0,0.35529983
0.0,0.3336339
0.0,0.3336339
0.0,0.33607522
0.0,0.17381777
0.0,0.23063126
0.0,0.2276779
0.0,0.18825184
0.0,0.26446226
0.0,0.21274011
0.0,0.2911044
0.0,0.2911044
0.0,0.2911044
0.0,0.2911044
0.0,0.2911044
0.0,0.2911044
0.0,0.2911044
0.0,0.2911044
0.0,0.2911044
0.0,0.19049273
0.0,0.19193901
0.0,0.15726747
0.0,0.46480155
0.0,0.53898895
0.0,0.4703634
0.0,0.4911922
0.0,0.43340394
0.0,0.47361076
0.0,0.39746472
0.0,0.39079905
0.0,0.47327563
0.0,0.45354104
0.0,0.39716107
0.0,0.40808585
0.0,0.415264
0.0,0.4652984
0.0,0.55499774
0.0,0.39324293
0.0,0.39324293
0.0,0.39324293
0.0,0.39324293
0.0,0.39324293
0.0,0.39324293
0.0,0.39324293
0.0,0.39324293
0.0,0.39324293
0.0,0.39324293
0.0,0.39324293
0.0,0.39324293
0.0,0.39324293
0.0,0.39324293
0.0,0.39324293
0.0,0.39324293
0.0,0.39324293
0.0,0.57626605
0.0,0.4852766
0.0,0.56769854
0.0,0.58756995
0.0,0.550602
0.0,0.5115378
0.0,0.65404797
0.0,0.51285243
0.0,0.47504032
0.0,0.35774556
0.0,0.5428335
0.0,0.4807804
0.0,0.6024579
0.0,0.6783031
0.0,0.63376045
0.0,0.50905186
0.0,0.50905186
0.0,0.50905186
0.0,0.50905186
0.0,0.50905186
0.0,0.50905186
0.0,0.50905186
0.0,0.50905186
0.0,0.50905186
0.0,0.50905186
0.0,0.50905186
0.0,0.50905186
0.0,0.50905186
0.0,0.50905186
0.0,0.50905186
0.0,0.50905186
0.0,0.50905186
0.0,0.50905186
0.0,0.50905186
0.0,0.50905186
0.0,0.5985439
0.0,0.48789266
0.0,0.6207858
0.0,0.76369315
0.0,0.832881
0.0,0.7742751
0.0,0.80795515
0.0,0.7557165
0.0,0.91314435
0.0,0.80894965
0.0,0.7211252
0.0,0.74391514
0.0,0.77374613
0.0,0.9007444
0.0,0.9007444
0.0,0.9007444
0.0,0.9007444
0.0,0.9007444
0.0,0.9007444
0.0,0.9007444
0.0,0.9007444
0.0,0.9007444
0.0,0.9007444
0.0,0.9007444
0.0,0.9007444
0.0,0.9007444
0.0,0.9007444
0.0,0.9007444
0.0,0.9007444
0.0,0.9007444
0.0,0.9007444
0.0,0.9007444
0.0,0.6858426
0.0,0.7724251
0.0,0.81752574
0.0,0.87287027
0.0,0.78666407
0.0,0.7766896
0.0,0.745554
0.0,0.24233398
0.0,0.41757637
0.0,0.25494194
0.0,0.27125934
0.0,0.29992273
0.0,0.2835585
0.0,0.23356208
0.0,0.23751831
0.0,0.3900197
0.0,0.21200515
0.0,0.3676988
0.0,0.2959102
0.0,0.21691895
0.0,0.29679126
0.0,0.2630997
0.0,0.2630997
0.0,0.2630997
0.0,0.2630997
0.0,0.2630997
0.0,0.2630997
0.0,0.2630997
0.0,0.2630997
0.0,0.2630997
0.0,0.2630997
0.0,0.2630997
0.0,0.2630997
0.0,0.2630997
0.0,0.2630997
0.0,0.2630997
0.0,0.2630997
0.0,0.2630997
0.0,0.2630997
0.0,0.2630997
0.0,0.30078617
0.0,0.34948462
0.0,0.25985345
0.0,0.4837336
0.0,0.3585189
0.0,0.33180007
0.0,0.6372808
0.0,0.44508407
0.0,0.42473793
0.0,0.32532892
0.0,0.5842076
0.0,0.6441958
0.0,0.3703743
0.0,0.48556617
0.0,0.6290878
0.0,0.4653241
0.0,0.4653241
0.0,0.4653241
0.0,0.4653241
0.0,0.4653241
0.0,0.4653241
0.0,0.4653241
0.0,0.4653241
0.0,0.4653241
0.0,0.4653241
0.0,0.4653241
0.0,0.4653241
0.0,0.4653241
0.0,0.4653241
0.0,0.4653241
0.0,0.4653241
0.0,0.4653241
0.0,0.4392987
0.0,0.62259036
0.0,0.5087969
0.0,0.5678203
0.0,0.7642275
0.0,0.67170274
0.0,0.67170274
0.0,0.67170274
0.0,0.67170274
0.0,0.67170274
0.0,0.7157167
0.0,0.54804087
0.0,0.4511792
0.0,0.72082275
0.0,0.72799593
0.0,0.68640536
0.0,0.76947725
0.0,0.6780627
0.0,0.6343939
0.0,0.7293512
0.0,0.73832566
0.0,0.5705404
0.0,0.6864593
0.0,0.7302972
0.0,0.6694914
0.0,0.719154
0.0,0.70641416
0.0,0.70641416
0.0,0.70641416
0.0,0.70641416
0.0,0.70641416
0.0,0.70641416
0.0,0.70641416
0.0,0.70641416
0.0,0.70641416
0.0,0.70641416
0.0,0.70641416
0.0,0.70641416
0.0,0.70641416
0.0,0.70641416
0.0,0.70641416
0.0,0.70641416
0.0,0.70641416
0.0,0.70641416
0.0,0.67076606
0.0,0.66360056
0.0,0.6692307
0.0,0.664278
0.0,0.8700349
0.0,0.8700349
0.0,0.8700349
0.0,0.8700349
0.0,0.8700349
0.0,0.8700349
0.0,0.7964889
0.0,0.6339787
0.0,0.9057005
0.0,0.7554581
0.0,0.69669265
0.0,0.7445445
0.0,0.7882586
0.0,0.7882586
0.0,0.7882586
0.0,0.7882586
0.0,0.7882586
0.0,0.7882586
0.0,0.7882586
0.0,0.7882586
0.0,0.7882586
0.0,0.7882586
0.0,0.7882586
0.0,0.7882586
0.0,0.7882586
0.0,0.7882586
0.0,0.7882586
0.0,0.7882586
0.0,0.7882586
0.0,0.7882586
0.0,0.7882586
0.0,0.7882586
0.0,0.65157527
0.0,0.69609666
0.0,0.7204133
0.0,0.74540794
0.0,0.7613452
0.0,0.6934813
0.0,0.735416
0.0,0.53137743
0.0,0.7989802
0.0,0.7648885
0.0,0.72428465
0.0,0.7262719
0.0,0.7248529
0.0,0.7842012
0.0,0.6889638
0.0,0.8224248
0.0,0.632711
0.0,0.32880345
0.0,0.3440775
0.0,0.15328492
0.0,0.13226992
0.0,0.14639847
0.0,0.20411496
0.0,0.14755341
0.0,0.27066603
0.0,0.31320482
0.0,0.17255467
0.0,0.3070579
0.0,0.10852284
0.0,0.20147964
0.0,0.17737703
0.0,0.27527606
0.0,0.2786852
0.0,0.2786852
0.0,0.2786852
0.0,0.2786852
0.0,0.2786852
0.0,0.2786852
0.0,0.2786852
0.0,0.2786852
0.0,0.2786852
0.0,0.2786852
0.0,0.2786852
0.0,0.2786852
0.0,0.2786852
0.0,0.2786852
0.0,0.2786852
0.0,0.2786852
0.0,0.2786852
0.0,0.2786852
0.0,0.2786852
0.0,0.2786852
0.0,0.24665964
0.0,0.28155577
0.0,0.20782787
0.0,0.3561837
0.0,0.16699126
0.0,0.44973016
0.0,0.44973016
0.0,0.44973016
0.0,0.44973016
0.0,0.44973016
0.0,0.23021285
0.0,0.2665463
0.0,0.23131418
0.0,0.593743
0.0,0.8183209
0.0,0.7674637
0.0,0.7261133
0.0,0.6715459
0.0,0.6321379
0.0,0.6445272
0.0,0.52079475
0.0,0.68586326
0.0,0.68586326
0.0,0.68586326
0.0,0.68586326
0.0,0.68586326
0.0,0.68586326
0.0,0.68586326
0.0,0.68586326
0.0,0.68586326
0.0,0.68586326
0.0,0.68586326
0.0,0.68586326
0.0,0.68586326
0.0,0.68586326
0.0,0.68586326
0.0,0.68586326
0.0,0.6813059
0.0,0.6633612
0.0,0.64791334
0.0,0.5691556
0.0,0.53027755
0.0,0.5627203
0.0,0.76409686
0.0,0.6385264
0.0,0.44371557
0.0,0.3789977
0.0,0.3789977
0.0,0.3789977
0.0,0.5303344
0.0,0.36026633
0.0,0.2740384
0.0,0.4244776
0.0,0.20781668
0.0,0.25574654
0.0,0.16138208
0.0,0.21440443
0.0,0.21434681
0.0,0.23991555
0.0,0.18738322
0.0,0.13109618
0.0,0.3381118
0.0,0.24068539
0.0,0.24377152
0.0,0.24377152
0.0,0.24377152
0.0,0.24377152
0.0,0.24377152
0.0,0.24377152
0.0,0.24377152
0.0,0.24377152
0.0,0.24377152
0.0,0.24377152
0.0,0.24377152
0.0,0.24377152
0.0,0.24377152
0.0,0.24377152
0.0,0.24377152
0.0,0.32873538
0.0,0.39336163
0.0,0.41371223
0.0,0.23314518
0.0,0.3072354
0.0,0.10780186
0.0,0.29217538
0.0,0.22230655
0.0,0.34539014
0.0,0.34539014
0.0,0.34539014
0.0,0.34539014
0.0,0.34539014
0.0,0.34539014
0.0,0.34539014
0.0,0.34539014
0.0,0.34539014
0.0,0.34539014
0.0,0.34539014
0.0,0.34539014
0.0,0.34539014
0.0,0.3858083
0.0,0.28938913
0.0,0.18400183
0.0,0.17959711
0.0,0.36166528
0.0,0.40498334
0.0,0.36715394
0.0,0.4474187
0.0,0.40125093
0.0,0.40125093
0.0,0.40125093
0.0,0.40125093
0.0,0.40125093
0.0,0.3179889
0.0,0.8979648
0.0,0.8979648
0.0,0.8979648
0.0,0.8979648
0.0,0.8979648
0.0,0.8979648
0.0,0.8979648
0.0,0.8979648
0.0,0.8979648
0.0,0.789089
0.0,0.8473254
0.0,0.76057553
0.0,0.85101795
0.0,0.81681687
0.0,0.7772691
0.0,0.86541635
0.0,0.80042315
0.0,0.87829393
0.0,0.7159239
0.0,0.6948045
0.0,0.6139582
0.0,0.80146843
0.0,0.62434226
0.0,0.71315175
0.0,0.7178638
0.0,0.57232577
0.0,0.7679993
0.0,0.54208666
0.0,0.72114056
0.0,0.72114056
0.0,0.72114056
0.0,0.72114056
0.0,0.72114056
0.0,0.72114056
0.0,0.72114056
0.0,0.72114056
0.0,0.72114056
0.0,0.72114056
0.0,0.72114056
0.0,0.72114056
0.0,0.72114056
0.0,0.72114056
0.0,0.72114056
0.0,0.72114056
0.0,0.72114056
0.0,0.7832694
0.0,0.6379115
0.0,0.75711787
0.0,0.8674582
0.0,0.6625354
0.0,0.49480924
0.0,0.49480924
0.0,0.49480924
0.0,0.49480924
0.0,0.49480924
0.0,0.49480924
0.0,0.49480924
0.0,0.49480924
0.0,0.49480924
0.0,0.49480924
0.0,0.49480924
0.0,0.49480924
0.0,0.49480924
0.0,0.49480924
0.0,0.49480924
0.0,0.49480924
0.0,0.49480924
0.0,0.49480924
0.0,0.49480924
0.0,0.49480924
0.0,0.220505
0.0,0.35795578
0.0,0.2556402
0.0,0.28171232
0.0,0.28202382
0.0,0.18848735
0.0,0.5180839
0.0,0.15953262
0.0,0.32080892
0.0,0.27492023
0.0,0.16279238
0.0,0.20637782
0.0,0.19328693
0.0,0.255331
0.0,0.4893001
0.0,0.3676362
0.0,0.16874272
0.0,0.27894753
0.0,0.9083965
0.0,0.83925086
0.0,0.91753834
0.0,0.9275147
0.0,0.92757154
0.0,0.911941
0.0,0.93976486
0.0,0.90543723
0.0,0.903947
0.0,0.83064437
0.0,0.84515375
0.0,0.92097914
0.0,0.919186
0.0,0.919186
0.0,0.919186
0.0,0.919186
0.0,0.919186
0.0,0.919186
0.0,0.919186
0.0,0.919186
0.0,0.919186
0.0,0.919186
0.0,0.919186
0.0,0.919186
0.0,0.919186
0.0,0.919186
0.0,0.919186
0.0,0.919186
0.0,0.919186
0.0,0.919186
0.0,0.8641659
0.0,0.9357765
0.0,0.8598159
0.0,0.930217
0.0,0.38942447
0.0,0.59743726
0.0,0.53230786
0.0,0.61385864
0.0,0.5091433
0.0,0.50986886
0.0,0.50981295
0.0,0.6813105
0.0,0.409755
0.0,0.3521252
0.0,0.45342135
0.0,0.46219972
0.0,0.50633794
0.0,0.41024047
0.0,0.31074077
0.0,0.56472605
0.0,0.56472605
0.0,0.56472605
0.0,0.56472605
0.0,0.56472605
0.0,0.56472605
0.0,0.56472605
0.0,0.56472605
0.0,0.56472605
0.0,0.56472605
0.0,0.56472605
0.0,0.56472605
0.0,0.56472605
0.0,0.56472605
0.0,0.56472605
0.0,0.56472605
0.0,0.56472605
0.0,0.77236354
0.0,0.8024105
0.0,0.8276285
0.0,0.87574583
0.0,0.7632404
0.0,0.796331
0.0,0.86153376
0.0,0.86153376
0.0,0.86153376
0.0,0.86153376
0.0,0.86153376
0.0,0.86153376
0.0,0.86153376
0.0,0.86153376
0.0,0.86153376
0.0,0.86153376
0.0,0.86153376
0.0,0.86153376
0.0,0.86153376
0.0,0.86153376
0.0,0.86153376
0.0,0.7857427
0.0,0.8460321
0.0,0.84041613
0.0,0.8087815
0.0,0.78306186
0.0,0.7636685
0.0,0.8369959
0.0,0.3196969
0.0,0.3342175
0.0,0.2940552
0.0,0.49337798
0.0,0.32516932
0.0,0.32296866
0.0,0.31914806
0.0,0.26384416
0.0,0.26384416
0.0,0.26384416
0.0,0.26384416
0.0,0.26384416
0.0,0.26384416
0.0,0.26384416
0.0,0.26384416
0.0,0.26384416
0.0,0.26384416
0.0,0.26384416
0.0,0.26384416
0.0,0.26384416
0.0,0.26384416
0.0,0.26384416
0.0,0.26384416
0.0,0.26384416
0.0,0.35457027
0.0,0.33215368
0.0,0.25089887
0.0,0.3450398
0.0,0.3404283
0.0,0.26908585
0.0,0.3742658
0.0,0.3361679
0.0,0.8390341
0.0,0.8933552
0.0,0.68404377
0.0,0.73756474
0.0,0.8419925
0.0,0.8746355
0.0,0.7622806
0.0,0.8672123
0.0,0.88486314
0.0,0.8536703
0.0,0.91210055
0.0,0.8048561
0.0,0.68519527
0.0,0.79988694
0.0,0.84816587
0.0,0.84816587
0.0,0.84816587
0.0,0.84816587
0.0,0.84816587
0.0,0.84816587
0.0,0.84816587
0.0,0.84816587
0.0,0.84816587
0.0,0.84816587
0.0,0.84816587
0.0,0.84816587
0.0,0.84816587
0.0,0.84816587
0.0,0.84816587
0.0,0.84816587
0.0,0.84816587
0.0,0.84816587
0.0,0.84816587
0.0,0.84816587
0.0,0.8412028
0.0,0.8134104
0.0,0.91505396
0.0,0.70005685
0.0,0.3758616
0.0,0.3758616
0.0,0.3758616
0.0,0.3758616
0.0,0.3758616
0.0,0.3758616
0.0,0.3758616
0.0,0.3758616
0.0,0.32830992
0.0,0.37311834
0.0,0.4741032
0.0,0.42577672
0.0,0.365653
0.0,0.39061192
0.0,0.63232565
0.0,0.6108406
0.0,0.5937533
0.0,0.5937533
0.0,0.5937533
0.0,0.5937533
0.0,0.5937533
0.0,0.5937533
0.0,0.5937533
0.0,0.5615027
0.0,0.6850238
0.0,0.68683976
0.0,0.6043712
0.0,0.6710895
0.0,0.25689244
0.0,0.4769638
0.0,0.43984953
0.0,0.3621073
0.0,0.2453478
0.0,0.37596893
0.0,0.20827466
0.0,0.30981916
0.0,0.2644786
0.0,0.2552868
0.0,0.4043934
0.0,0.3074391
0.0,0.3074391
0.0,0.3074391
0.0,0.3074391
0.0,0.3074391
0.0,0.3074391
0.0,0.3074391
0.0,0.3074391
0.0,0.3074391
0.0,0.3074391
0.0,0.3074391
0.0,0.3074391
0.0,0.3074391
0.0,0.3074391
0.0,0.3074391
0.0,0.3074391
0.0,0.3074391
0.0,0.3074391
0.0,0.3074391
0.0,0.3074391
0.0,0.2913908
0.0,0.21917348
0.0,0.3899617
0.0,0.19227266
0.0,0.2406285
0.0,0.5147062
0.0,0.277407
0.0,0.31838796
0.0,0.303379
0.0,0.46599558
0.0,0.2865298
0.0,0.2865298
0.0,0.2865298
0.0,0.2865298
0.0,0.2865298
0.0,0.2865298
0.0,0.35716012
0.0,0.613647
0.0,0.30382064
0.0,0.3492089
0.0,0.35387307
0.0,0.2686053
0.0,0.33368576
0.0,0.31963062
0.0,0.32743055
0.0,0.34300122
0.0,0.34300122
0.0,0.34300122
0.0,0.34300122
0.0,0.34300122
0.0,0.34300122
0.0,0.34300122
0.0,0.34300122
0.0,0.34300122
0.0,0.34300122
0.0,0.34300122
0.0,0.34300122
0.0,0.34300122
0.0,0.34300122
0.0,0.34300122
0.0,0.34300122
0.0,0.34300122
0.0,0.34300122
0.0,0.34300122
0.0,0.34300122
0.0,0.26442683
0.0,0.3162835
0.0,0.26823524
0.0,0.38334268
0.0,0.33646145
0.0,0.23716214
0.0,0.31217965
0.0,0.315943
0.0,0.30790922
0.0,0.32232782
0.0,0.26566285
0.0,0.34773353
0.0,0.35587084
0.0,0.38301796
0.0,0.26448393
0.0,0.5416732
0.0,0.4762887
0.0,0.3643571
0.0,0.36534655
0.0,0.36925274
0.0,0.3685775
0.0,0.30154648
0.0,0.2731634
0.0,0.3867247
0.0,0.32262814
0.0,0.33337674
0.0,0.33337674
0.0,0.33337674
0.0,0.33337674
0.0,0.33337674
0.0,0.33337674
0.0,0.33337674
0.0,0.33337674
0.0,0.33337674
0.0,0.33337674
0.0,0.33337674
0.0,0.33337674
0.0,0.33337674
0.0,0.33337674
0.0,0.33337674
0.0,0.33337674
0.0,0.33337674
0.0,0.33337674
0.0,0.33337674
0.0,0.33337674
0.0,0.47711614
0.0,0.42632234
0.0,0.4203149
0.0,0.46121258
0.0,0.49339563
0.0,0.26840112
0.0,0.510734
0.0,0.3923614
0.0,0.3923614
0.0,0.3923614
0.0,0.3923614
0.0,0.3923614
0.0,0.3923614
0.0,0.3923614
0.0,0.3923614
0.0,0.3923614
0.0,0.3923614
0.0,0.3923614
0.0,0.3389588
0.0,0.47101662
0.0,0.43297884
0.0,0.43977633
0.0,0.5529154
0.0,0.38987216
0.0,0.3622687
0.0,0.3018383
0.0,0.5369735
0.0,0.44407603
0.0,0.37061828
0.0,0.33003825
0.0,0.33003825
0.0,0.33003825
0.0,0.33003825
0.0,0.32160917
0.0,0.20207137
0.0,0.38035715
0.0,0.52654463
0.0,0.34704867
0.0,0.5011535
0.0,0.45212787
0.0,0.7002986
0.0,0.327448
0.0,0.38049483
0.0,0.6836019
0.0,0.6836019
0.0,0.6836019
0.0,0.6836019
0.0,0.6836019
0.0,0.6836019
0.0,0.6836019
0.0,0.6836019
0.0,0.6836019
0.0,0.6836019
0.0,0.6836019
0.0,0.6836019
0.0,0.6836019
0.0,0.6836019
0.0,0.6836019
0.0,0.6836019
0.0,0.6836019
0.0,0.3164119
0.0,0.349303
0.0,0.51085764
0.0,0.43340942
0.0,0.42442116
0.0,0.5311373
0.0,0.39822507
0.0,0.60739285
0.0,0.60739285
0.0,0.60739285
0.0,0.60739285
0.0,0.60739285
0.0,0.52470994
0.0,0.4780385
0.0,0.6587137
0.0,0.6636054
0.0,0.47736776
0.0,0.3275813
0.0,0.3275813
0.0,0.3275813
0.0,0.2730476
0.0,0.16934347
0.0,0.45616737
0.0,0.7042896
0.0,0.74095356
0.0,0.74095356
0.0,0.74095356
0.0,0.74095356
0.0,0.74095356
0.0,0.74095356
0.0,0.74095356
0.0,0.74095356
0.0,0.74095356
0.0,0.74095356
0.0,0.74095356
0.0,0.74095356
0.0,0.74095356
0.0,0.74095356
0.0,0.74095356
0.0,0.74095356
0.0,0.74095356
0.0,0.74095356
0.0,0.74095356
0.0,0.74095356
0.0,0.6230043
0.0,0.5797919
0.0,0.51839083
0.0,0.7512579
0.0,0.6116686
0.0,0.6731569
0.0,0.61893725
0.0,0.44799605
0.0,0.6622618
0.0,0.58121574
0.0,0.5095203
0.0,0.54580516
0.0,0.6447688
0.0,0.6889532
0.0,0.68535495
0.0,0.604472
0.0,0.57728976
0.0,0.9214421
0.0,0.87492967
0.0,0.9113447
0.0,0.8828853
0.0,0.93904316
0.0,0.9359501
0.0,0.92180943
0.0,0.90731716
0.0,0.96174055
0.0,0.96174055
0.0,0.96174055
0.0,0.96174055
0.0,0.96174055
0.0,0.96174055
0.0,0.96174055
0.0,0.96174055
0.0,0.96174055
0.0,0.96174055
0.0,0.96174055
0.0,0.96174055
0.0,0.96174055
0.0,0.92653805
0.0,0.8918148
0.0,0.8933358
0.0,0.6945606
0.0,0.7846856
0.0,0.8039395
0.0,0.5718996
0.0,0.7798812
0.0,0.70868516
0.0,0.8434019
0.0,0.8434019
0.0,0.8434019
0.0,0.8434019
0.0,0.8434019
0.0,0.8434019
0.0,0.38712347
0.0,0.5331291
0.0,0.398392
0.0,0.4127826
0.0,0.4361562
0.0,0.4657561
0.0,0.31640548
0.0,0.43521595
0.0,0.41895092
0.0,0.41895092
0.0,0.41895092
0.0,0.41895092
0.0,0.41895092
0.0,0.41895092
0.0,0.41895092
0.0,0.41895092
0.0,0.41895092
0.0,0.41895092
0.0,0.41895092
0.0,0.41895092
0.0,0.41895092
0.0,0.41895092
0.0,0.41895092
0.0,0.41895092
0.0,0.41895092
0.0,0.41895092
0.0,0.41895092
0.0,0.41895092
0.0,0.4506746
0.0,0.5039442
0.0,0.2507129
0.0,0.37647513
0.0,0.48027325
0.0,0.425834
0.0,0.42743698
0.0,0.45410973
0.0,0.43075955
0.0,0.531517
0.0,0.6486383
0.0,0.50789624
0.0,0.545868
0.0,0.6509909
0.0,0.5203441
0.0,0.5203441
0.0,0.5203441
0.0,0.5203441
0.0,0.5203441
0.0,0.5203441
0.0,0.5203441
0.0,0.6050595
0.0,0.36587608
0.0,0.40971252
0.0,0.44653475
0.0,0.34987575
0.0,0.34173107
0.0,0.34365782
0.0,0.36615595
0.0,0.32821816
0.0,0.42942834
0.0,0.42942834
0.0,0.42942834
0.0,0.42942834
0.0,0.42942834
0.0,0.42942834
0.0,0.42942834
0.0,0.42942834
0.0,0.42942834
0.0,0.42942834
0.0,0.42942834
0.0,0.42942834
0.0,0.42942834
0.0,0.42942834
0.0,0.42942834
0.0,0.42942834
0.0,0.42942834
0.0,0.42942834
0.0,0.42942834
0.0,0.39334586
0.0,0.37588328
0.0,0.34599915
0.0,0.3000123
0.0,0.41398925
0.0,0.4442601
0.0,0.48433536
0.0,0.42374617
0.0,0.3259883
0.0,0.4955174
0.0,0.4955174
0.0,0.34062132
0.0,0.5932354
0.0,0.5905977
0.0,0.6337615
0.0,0.6350097
0.0,0.67069864
0.0,0.5060018
0.0,0.62877905
0.0,0.72778434
0.0,0.50152624
0.0,0.7373872
0.0,0.43813977
0.0,0.7082048
0.0,0.52864647
0.0,0.6543933
0.0,0.7313494
0.0,0.71313053
0.0,0.71313053
0.0,0.71313053
0.0,0.71313053
0.0,0.71313053
0.0,0.71313053
0.0,0.71313053
0.0,0.71313053
0.0,0.71313053
0.0,0.71313053
0.0,0.71313053
0.0,0.71313053
0.0,0.71313053
0.0,0.71313053
0.0,0.71313053
0.0,0.71313053
0.0,0.71313053
0.0,0.71313053
0.0,0.71313053
0.0,0.71313053
0.0,0.66575694
0.0,0.7413033
0.0,0.6548865
0.0,0.75575864
0.0,0.8259924
0.0,0.6567313
0.0,0.7663187
0.0,0.77614045
0.0,0.7973558
0.0,0.76728565
0.0,0.7717909
0.0,0.69878894
0.0,0.8116701
0.0,0.6972146
0.0,0.7056001
0.0,0.8285819
0.0,0.8098839
0.0,0.79618436
0.0,0.8259977
0.0,0.8259977
0.0,0.8259977
0.0,0.8259977
0.0,0.8259977
0.0,0.8259977
0.0,0.8259977
0.0,0.8259977
0.0,0.8259977
0.0,0.8259977
0.0,0.8259977
0.0,0.8259977
0.0,0.8259977
0.0,0.8259977
0.0,0.8259977
0.0,0.8259977
0.0,0.8259977
0.0,0.8259977
0.0,0.57731843
0.0,0.77666515
0.0,0.4028385
0.0,0.33215111
0.0,0.37494713
0.0,0.37494713
0.0,0.37494713
0.0,0.37494713
0.0,0.37494713
0.0,0.37494713
0.0,0.37494713
0.0,0.37494713
0.0,0.37494713
0.0,0.37494713
0.0,0.37494713
0.0,0.37494713
0.0,0.54857093
0.0,0.35303357
0.0,0.55790603
0.0,0.5750738
0.0,0.3770334
0.0,0.3289428
0.0,0.38771507
0.0,0.4864169
0.0,0.30171925
0.0,0.40375215
0.0,0.45990196
0.0,0.44258308
0.0,0.49109823
0.0,0.48600355
0.0,0.5413176
0.0,0.53394735
0.0,0.45558134
0.0,0.49191698
0.0,0.51902956
0.0,0.48409414
0.0,0.48409414
0.0,0.48409414
0.0,0.48409414
0.0,0.48409414
0.0,0.48409414
0.0,0.48409414
0.0,0.48409414
0.0,0.48409414
0.0,0.48409414
0.0,0.48409414
0.0,0.48409414
0.0,0.48409414
0.0,0.48409414
0.0,0.48409414
0.0,0.50697494
0.0,0.48806164
0.0,0.50999
0.0,0.4824193
0.0,0.40787846
0.0,0.45009834
0.0,0.2855022
0.0,0.27956098
0.0,0.48410934
0.0,0.3837796
0.0,0.29228014
0.0,0.30614954
0.0,0.43645775
0.0,0.41027403
0.0,0.41027403
0.0,0.41027403
0.0,0.41027403
0.0,0.41027403
0.0,0.41027403
0.0,0.41027403
0.0,0.41027403
0.0,0.41027403
0.0,0.41027403
0.0,0.41027403
0.0,0.41027403
0.0,0.41027403
0.0,0.41027403
0.0,0.41027403
0.0,0.41027403
0.0,0.41027403
0.0,0.41027403
0.0,0.47614023
0.0,0.5141837
0.0,0.4848246
0.0,0.51515126
0.0,0.29803774
0.0,0.29227388
0.0,0.36834538
0.0,0.34362638
0.0,0.5371704
0.0,0.6536608
0.0,0.7483222
0.0,0.7954354
0.0,0.74392074
0.0,0.62926537
0.0,0.7428067
0.0,0.65511554
0.0,0.72115767
0.0,0.72376347
0.0,0.72376347
0.0,0.72376347
0.0,0.72376347
0.0,0.72376347
0.0,0.72376347
0.0,0.72376347
0.0,0.72376347
0.0,0.72376347
0.0,0.72376347
0.0,0.72376347
0.0,0.72376347
0.0,0.72376347
0.0,0.7489191
0.0,0.6869323
0.0,0.7753182
